import time: self [us] | cumulative | imported package
import time:        64 |         64 |   _io
import time:        14 |         14 |   marshal
import time:       141 |        141 |   posix
import time:       158 |        376 | _frozen_importlib_external
import time:       567 |        567 |   time
import time:        88 |        655 | zipimport
import time:        29 |         29 |     _codecs
import time:       182 |        210 |   codecs
import time:       373 |        373 |   encodings.aliases
import time:       566 |       1148 | encodings
import time:       139 |        139 | encodings.utf_8
import time:        38 |         38 | _signal
import time:        13 |         13 |     _abc
import time:        79 |         91 |   abc
import time:        86 |        177 | io
import time:        24 |         24 |       _stat
import time:        30 |         54 |     stat
import time:       373 |        373 |     _collections_abc
import time:        18 |         18 |       genericpath
import time:        32 |         49 |     posixpath
import time:       164 |        638 |   os
import time:        31 |         31 |   _sitebuiltins
import time:        47 |         47 |         itertools
import time:        86 |         86 |         keyword
import time:        33 |         33 |           _operator
import time:       217 |        250 |         operator
import time:       105 |        105 |         reprlib
import time:        31 |         31 |         _collections
import time:       422 |        938 |       collections
import time:       166 |        166 |         types
import time:        26 |         26 |         _functools
import time:       356 |        548 |       functools
import time:       361 |       1846 |     contextlib
import time:       416 |       2262 |   _virtualenv
import time:       155 |        155 |   _distutils_hack
import time:        32 |         32 |   sitecustomize
import time:       971 |       4087 | site
import time:       276 |        276 |         warnings
import time:       374 |        649 |       importlib
import time:      1098 |       1098 |         enum
import time:        43 |         43 |           _sre
import time:       217 |        217 |             re._constants
import time:       232 |        449 |           re._parser
import time:       153 |        153 |           re._casefix
import time:       307 |        951 |         re._compiler
import time:       182 |        182 |         copyreg
import time:       408 |       2638 |       re
import time:       133 |        133 |         _csv
import time:       533 |        665 |       csv
import time:       433 |        433 |       email
import time:       137 |        137 |         fnmatch
import time:        74 |         74 |           _winapi
import time:        62 |         62 |           nt
import time:        54 |         54 |           nt
import time:        57 |         57 |           nt
import time:        52 |         52 |           nt
import time:        54 |         54 |           nt
import time:        87 |        437 |         ntpath
import time:        28 |         28 |         errno
import time:       126 |        126 |           urllib
import time:       690 |        690 |           ipaddress
import time:       575 |       1391 |         urllib.parse
import time:       486 |       2477 |       pathlib
import time:        74 |         74 |         binascii
import time:       137 |        137 |           importlib._abc
import time:       155 |        155 |             _weakrefset
import time:       409 |        564 |           threading
import time:        74 |        775 |         importlib.util
import time:        36 |         36 |           zlib
import time:       152 |        152 |             _compression
import time:        23 |         23 |             _bz2
import time:       168 |        342 |           bz2
import time:        82 |         82 |             _lzma
import time:       166 |        248 |           lzma
import time:       339 |        964 |         shutil
import time:        63 |         63 |           _struct
import time:       333 |        396 |         struct
import time:       805 |       3011 |       zipfile
import time:       917 |        917 |       textwrap
import time:       442 |        442 |           quopri
import time:        35 |         35 |               math
import time:        15 |         15 |                 _bisect
import time:       156 |        170 |               bisect
import time:       202 |        202 |               _random
import time:        20 |         20 |               _sha512
import time:       527 |        953 |             random
import time:        92 |         92 |               _socket
import time:       146 |        146 |                 collections.abc
import time:        44 |         44 |                 select
import time:       341 |        529 |               selectors
import time:        46 |         46 |               array
import time:       909 |       1574 |             socket
import time:       329 |        329 |               _datetime
import time:       746 |       1074 |             datetime
import time:        31 |         31 |                   _locale
import time:       833 |        863 |                 locale
import time:       475 |       1338 |               calendar
import time:       305 |       1642 |             email._parseaddr
import time:       375 |        375 |                 base64
import time:       230 |        604 |               email.base64mime
import time:        16 |         16 |                   _string
import time:       462 |        478 |                 string
import time:       313 |        790 |               email.quoprimime
import time:       567 |        567 |               email.errors
import time:       276 |        276 |               email.encoders
import time:       368 |       2604 |             email.charset
import time:       455 |       8300 |           email.utils
import time:       978 |        978 |             email.header
import time:       746 |       1724 |           email._policybase
import time:       535 |        535 |           email._encoded_words
import time:       239 |        239 |           email.iterators
import time:       932 |      12170 |         email.message
import time:       386 |        386 |           importlib.metadata._functools
import time:       415 |        800 |         importlib.metadata._text
import time:       463 |      13432 |       importlib.metadata._adapters
import time:       262 |        262 |           _typing
import time:      1800 |       2062 |         typing
import time:       350 |       2412 |       importlib.metadata._meta
import time:       594 |        594 |       importlib.metadata._collections
import time:       298 |        298 |       importlib.metadata._itertools
import time:        33 |         33 |         importlib.machinery
import time:       661 |        661 |                 weakref
import time:       566 |       1226 |               tempfile
import time:       954 |        954 |               importlib.resources.abc
import time:       576 |        576 |               importlib.resources._adapters
import time:       959 |       3715 |             importlib.resources._common
import time:       393 |        393 |             importlib.resources._legacy
import time:       329 |       4436 |           importlib.resources
import time:        21 |       4457 |         importlib.resources.abc
import time:       471 |       4959 |       importlib.abc
import time:      2003 |      34482 |     importlib.metadata
import time:       670 |        670 |       email.feedparser
import time:       456 |       1125 |     email.parser
import time:        88 |         88 |               org
import time:        28 |        115 |             org.python
import time:        15 |        130 |           org.python.core
import time:       474 |        604 |         copy
import time:       227 |        227 |             _ast
import time:      1143 |       1369 |           ast
import time:        28 |         28 |               _opcode
import time:       654 |        682 |             opcode
import time:      2433 |       3114 |           dis
import time:       578 |        578 |               token
import time:      1105 |       1683 |             tokenize
import time:       446 |       2128 |           linecache
import time:      1289 |       7899 |         inspect
import time:      1353 |       9856 |       dataclasses
import time:       557 |        557 |         lazy_loader
import time:       506 |        506 |         librosa.version
import time:      1260 |       2323 |       librosa
import time:        84 |         84 |           _ctypes
import time:       943 |        943 |           ctypes._endian
import time:      1486 |       2512 |         ctypes
import time:       563 |        563 |         glob
import time:      1089 |       1089 |         platform
import time:      2594 |       2594 |         typing_extensions
import time:      1877 |       1877 |             traceback
import time:        35 |         35 |             atexit
import time:      2062 |       3972 |           logging
import time:      2778 |       6750 |         torch._utils
import time:       359 |        359 |             torch._strobelight
import time:        40 |         40 |                   _json
import time:       264 |        304 |                 json.scanner
import time:       506 |        810 |               json.decoder
import time:       243 |        243 |               json.encoder
import time:       216 |       1268 |             json
import time:       532 |        532 |               signal
import time:        32 |         32 |               fcntl
import time:       128 |        128 |               msvcrt
import time:        19 |         19 |               _posixsubprocess
import time:       588 |       1298 |             subprocess
import time:        34 |         34 |                 gc
import time:       710 |        744 |               timeit
import time:       646 |       1389 |             torch._strobelight.cli_function_profiler
import time:       778 |       5090 |           torch._strobelight.compile_time_profiler
import time:      1083 |       6173 |         torch._utils_internal
import time:       738 |        738 |               torch._vendor
import time:       644 |       1382 |             torch._vendor.packaging
import time:       368 |        368 |             torch._vendor.packaging._structures
import time:      2100 |       3849 |           torch._vendor.packaging.version
import time:       465 |        465 |           torch.version
import time:      1079 |       5392 |         torch.torch_version
import time:       485 |        485 |                 numpy._utils._convertions
import time:       379 |        863 |               numpy._utils
import time:       619 |       1482 |             numpy._globals
import time:      1277 |       1277 |             numpy.exceptions
import time:       207 |        207 |             numpy.version
import time:        27 |         27 |               numpy._distributor_init_local
import time:       296 |        323 |             numpy._distributor_init
import time:       263 |        263 |                       numpy._utils._inspect
import time:       553 |        553 |                         numpy.core._exceptions
import time:       397 |        397 |                         numpy.dtypes
import time:     13509 |      14458 |                       numpy.core._multiarray_umath
import time:      1077 |      15797 |                     numpy.core.overrides
import time:       963 |      16760 |                   numpy.core.multiarray
import time:       444 |        444 |                   numpy.core.umath
import time:      1019 |       1019 |                     numbers
import time:       309 |        309 |                     numpy.core._string_helpers
import time:        81 |         81 |                           pickle5
import time:       433 |        433 |                             _compat_pickle
import time:        61 |         61 |                             _pickle
import time:        84 |         84 |                                 org
import time:        31 |        115 |                               org.python
import time:        44 |        159 |                             org.python.core
import time:      1750 |       2402 |                           pickle
import time:       528 |       3010 |                         numpy.compat.py3k
import time:       317 |       3327 |                       numpy.compat
import time:       365 |        365 |                       numpy.core._dtype
import time:       388 |       4078 |                     numpy.core._type_aliases
import time:       522 |       5926 |                   numpy.core.numerictypes
import time:        19 |         19 |                               _contextvars
import time:       339 |        358 |                             contextvars
import time:       383 |        741 |                           numpy.core._ufunc_config
import time:       717 |       1458 |                         numpy.core._methods
import time:      1230 |       2688 |                       numpy.core.fromnumeric
import time:       364 |       3051 |                     numpy.core.shape_base
import time:       552 |        552 |                     numpy.core.arrayprint
import time:       330 |        330 |                     numpy.core._asarray
import time:      2066 |       5998 |                   numpy.core.numeric
import time:      1018 |       1018 |                   numpy.core.defchararray
import time:       438 |        438 |                   numpy.core.records
import time:       302 |        302 |                   numpy.core.memmap
import time:       277 |        277 |                   numpy.core.function_base
import time:       299 |        299 |                   numpy.core._machar
import time:       458 |        458 |                   numpy.core.getlimits
import time:       501 |        501 |                   numpy.core.einsumfunc
import time:      1643 |       1643 |                     numpy.core._multiarray_tests
import time:      1052 |       2694 |                   numpy.core._add_newdocs
import time:      1482 |       1482 |                   numpy.core._add_newdocs_scalars
import time:       663 |        663 |                   numpy.core._dtype_ctypes
import time:      9229 |       9229 |                   numpy.core._internal
import time:       387 |        387 |                   numpy._pytesttester
import time:      1617 |      48485 |                 numpy.core
import time:        29 |      48514 |               numpy.core._multiarray_umath
import time:       489 |      49003 |             numpy.__config__
import time:      2460 |       2460 |               numpy.lib.mixins
import time:       347 |        347 |                   numpy.lib.ufunclike
import time:      5253 |       5599 |                 numpy.lib.type_check
import time:      1319 |       6918 |               numpy.lib.scimath
import time:       249 |        249 |                           numpy.lib.stride_tricks
import time:       368 |        617 |                         numpy.lib.twodim_base
import time:      4222 |       4222 |                         numpy.linalg._umath_linalg
import time:       199 |        199 |                           __future__
import time:       544 |        544 |                           numpy._typing._nested_sequence
import time:       294 |        294 |                           numpy._typing._nbit
import time:      1442 |       1442 |                           numpy._typing._char_codes
import time:       275 |        275 |                           numpy._typing._scalars
import time:       168 |        168 |                           numpy._typing._shape
import time:      1602 |       1602 |                           numpy._typing._dtype_like
import time:      1887 |       1887 |                           numpy._typing._array_like
import time:      1651 |       8058 |                         numpy._typing
import time:      3036 |      15932 |                       numpy.linalg.linalg
import time:       428 |      16359 |                     numpy.linalg
import time:      1614 |      17972 |                   numpy.matrixlib.defmatrix
import time:      1382 |      19353 |                 numpy.matrixlib
import time:       466 |        466 |                   numpy.lib.histograms
import time:      8227 |       8693 |                 numpy.lib.function_base
import time:       785 |      28830 |               numpy.lib.index_tricks
import time:       747 |        747 |               numpy.lib.nanfunctions
import time:       869 |        869 |               numpy.lib.shape_base
import time:       535 |        535 |               numpy.lib.polynomial
import time:       586 |        586 |               numpy.lib.utils
import time:       420 |        420 |               numpy.lib.arraysetops
import time:       500 |        500 |                 numpy.lib.format
import time:       859 |        859 |                 numpy.lib._datasource
import time:      1888 |       1888 |                 numpy.lib._iotools
import time:       811 |       4057 |               numpy.lib.npyio
import time:       407 |        407 |               numpy.lib.arrayterator
import time:       832 |        832 |               numpy.lib.arraypad
import time:       186 |        186 |               numpy.lib._version
import time:       951 |      47792 |             numpy.lib
import time:      3562 |       3562 |                 numpy.fft._pocketfft_internal
import time:       615 |       4176 |               numpy.fft._pocketfft
import time:      1204 |       1204 |               numpy.fft.helper
import time:       300 |       5679 |             numpy.fft
import time:       396 |        396 |                 numpy.polynomial.polyutils
import time:       844 |        844 |                 numpy.polynomial._polybase
import time:       611 |       1850 |               numpy.polynomial.polynomial
import time:       484 |        484 |               numpy.polynomial.chebyshev
import time:       397 |        397 |               numpy.polynomial.legendre
import time:       375 |        375 |               numpy.polynomial.hermite
import time:      4828 |       4828 |               numpy.polynomial.hermite_e
import time:       470 |        470 |               numpy.polynomial.laguerre
import time:       460 |       8861 |             numpy.polynomial
import time:        98 |         98 |                       backports_abc
import time:      1430 |       1527 |                     numpy.random._common
import time:      5883 |       5883 |                         _hashlib
import time:        39 |         39 |                           _blake2
import time:      3508 |       3547 |                         hashlib
import time:       887 |      10316 |                       hmac
import time:       978 |      11294 |                     secrets
import time:      2380 |      15199 |                   numpy.random.bit_generator
import time:      3210 |       3210 |                   numpy.random._bounded_integers
import time:      2608 |       2608 |                   numpy.random._mt19937
import time:      5047 |      26063 |                 numpy.random.mtrand
import time:      6168 |       6168 |                 numpy.random._philox
import time:      3394 |       3394 |                 numpy.random._pcg64
import time:      3224 |       3224 |                 numpy.random._sfc64
import time:      3668 |       3668 |                 numpy.random._generator
import time:       609 |      43123 |               numpy.random._pickle
import time:       407 |      43529 |             numpy.random
import time:       615 |        615 |             numpy.ctypeslib
import time:      5860 |       5860 |               numpy.ma.core
import time:       968 |        968 |               numpy.ma.extras
import time:      3795 |      10621 |             numpy.ma
import time:      4866 |     174249 |           numpy
import time:    238373 |     412621 |         torch._C
import time:      1283 |       1283 |           torch._namedtensor_internals
import time:      5057 |       5057 |           torch.overrides
import time:      1016 |       7355 |         torch._tensor
import time:      1809 |       1809 |           torch.types
import time:      1142 |       2950 |         torch.storage
import time:       450 |        450 |           torch.amp.autocast_mode
import time:       518 |        518 |           torch.amp.grad_scaler
import time:       382 |       1350 |         torch.amp
import time:       360 |        360 |         torch.random
import time:        42 |         42 |               _heapq
import time:      2101 |       2142 |             heapq
import time:      4182 |       6324 |           difflib
import time:        54 |         54 |             pwd
import time:        23 |         23 |             grp
import time:      3033 |       3108 |           tarfile
import time:       816 |        816 |           torch._weights_only_unpickler
import time:       520 |        520 |           torch._sources
import time:        44 |         44 |           mmap
import time:      1010 |      11819 |         torch.serialization
import time:      7671 |       7671 |         torch._tensor_str
import time:      3381 |       3381 |           torch.cuda.gds
import time:       537 |        537 |           torch.cuda._utils
import time:       531 |        531 |           torch.cuda.graphs
import time:       380 |        380 |           torch.cuda.streams
import time:        99 |         99 |           pynvml
import time:      1165 |       1165 |             torch.cuda._memory_viz
import time:       814 |       1978 |           torch.cuda.memory
import time:       382 |        382 |           torch.cuda.random
import time:      3714 |       3714 |             torch.cuda.amp.autocast_mode
import time:       302 |        302 |             torch.cuda.amp.common
import time:      1164 |       1164 |             torch.cuda.amp.grad_scaler
import time:      1883 |       7061 |           torch.cuda.amp
import time:      3641 |       3641 |           torch.cuda.jiterator
import time:       372 |        372 |           torch.cuda.nvtx
import time:       322 |        322 |           torch.cuda.profiler
import time:       135 |        135 |           torch.cuda.sparse
import time:       210 |        210 |               concurrent
import time:       568 |        568 |               concurrent.futures._base
import time:       368 |       1145 |             concurrent.futures
import time:      4133 |       4133 |                 multiprocessing.process
import time:       893 |        893 |                 multiprocessing.reduction
import time:      1105 |       6130 |               multiprocessing.context
import time:       330 |       6460 |             multiprocessing
import time:      1018 |       8622 |           torch.cuda.tunable
import time:      4233 |      31668 |         torch.cuda
import time:       317 |        317 |             torch.sparse._semi_structured_conversions
import time:       300 |        300 |             torch.sparse._semi_structured_ops
import time:      2174 |       2789 |           torch.sparse.semi_structured
import time:       736 |       3525 |         torch.sparse
import time:       362 |        362 |         torch._compile
import time:       338 |        338 |         torch._VF
import time:       630 |        630 |               torch.nn.parameter
import time:       877 |        877 |                   torch._prims_common
import time:       415 |        415 |                       torch.utils.backcompat
import time:       478 |        478 |                       torch.utils.collect_env
import time:        41 |         41 |                             _queue
import time:       419 |        459 |                           queue
import time:       304 |        304 |                               cmd
import time:       492 |        492 |                               bdb
import time:       350 |        350 |                                 codeop
import time:       443 |        793 |                               code
import time:       576 |        576 |                               pprint
import time:      1116 |       3280 |                             pdb
import time:       254 |        254 |                               torch.utils._typing_utils
import time:       332 |        332 |                                 torch.monitor
import time:       307 |        307 |                                   torch.distributed.logging_handlers
import time:       441 |        748 |                                 torch.distributed.c10d_logger
import time:       270 |        270 |                                 torch.distributed.constants
import time:       316 |        316 |                                 torch.distributed.rendezvous
import time:      1262 |       2927 |                               torch.distributed.distributed_c10d
import time:       904 |       4083 |                             torch.distributed.device_mesh
import time:       302 |        302 |                             torch.distributed.remote_device
import time:      2332 |       9995 |                           torch.distributed
import time:       411 |        411 |                                           torch.utils.data.datapipes._hook_iterator
import time:       535 |        945 |                                         torch.utils.data.datapipes._typing
import time:       160 |        160 |                                           torch.utils._import_utils
import time:       234 |        234 |                                             torch.utils.data.datapipes.utils
import time:       583 |        816 |                                           torch.utils.data.datapipes.utils.common
import time:       685 |        685 |                                           torch.utils.data.dataset
import time:       647 |       2306 |                                         torch.utils.data.datapipes.datapipe
import time:       377 |       3627 |                                       torch.utils.data.datapipes._decorator
import time:       251 |        251 |                                         torch.utils.data.datapipes.dataframe.dataframe_wrapper
import time:       326 |        576 |                                       torch.utils.data.datapipes.dataframe.structures
import time:      2235 |       6437 |                                     torch.utils.data.datapipes.dataframe.dataframes
import time:       588 |        588 |                                     torch.utils.data.datapipes.dataframe.datapipes
import time:       413 |       7437 |                                   torch.utils.data.datapipes.dataframe
import time:       447 |        447 |                                           torch.utils.data._utils.collate
import time:       311 |        311 |                                           torch.utils.data._utils.fetch
import time:       232 |        232 |                                           torch.utils.data._utils.pin_memory
import time:       218 |        218 |                                           torch.utils.data._utils.signal_handling
import time:       974 |        974 |                                           torch.utils.data._utils.worker
import time:       380 |       2560 |                                         torch.utils.data._utils
import time:        36 |       2596 |                                       torch.utils.data._utils.collate
import time:       764 |       3360 |                                     torch.utils.data.datapipes.iter.callable
import time:       826 |        826 |                                       torch.utils.data.sampler
import time:       695 |       1520 |                                     torch.utils.data.datapipes.iter.combinatorics
import time:       768 |        768 |                                     torch.utils.data.datapipes.iter.combining
import time:       527 |        527 |                                       torch.utils.data.datapipes.iter.utils
import time:       430 |        956 |                                     torch.utils.data.datapipes.iter.filelister
import time:      1250 |       1250 |                                     torch.utils.data.datapipes.iter.fileopener
import time:       700 |        700 |                                       torch.utils.data.datapipes.iter.sharding
import time:       663 |       1363 |                                     torch.utils.data.datapipes.iter.grouping
import time:       366 |        366 |                                       torch.utils.data.datapipes.utils.decoder
import time:       484 |        849 |                                     torch.utils.data.datapipes.iter.routeddecoder
import time:       512 |        512 |                                     torch.utils.data.datapipes.iter.selecting
import time:       338 |        338 |                                     torch.utils.data.datapipes.iter.streamreader
import time:       431 |      11343 |                                   torch.utils.data.datapipes.iter
import time:       586 |        586 |                                     torch.utils.data.datapipes.map.callable
import time:       592 |        592 |                                     torch.utils.data.datapipes.map.combinatorics
import time:       656 |        656 |                                     torch.utils.data.datapipes.map.combining
import time:       482 |        482 |                                     torch.utils.data.datapipes.map.grouping
import time:       892 |        892 |                                     torch.utils.data.datapipes.map.utils
import time:       297 |       3503 |                                   torch.utils.data.datapipes.map
import time:       288 |      22569 |                                 torch.utils.data.datapipes
import time:        18 |      22587 |                               torch.utils.data.datapipes.iter
import time:        14 |      22601 |                             torch.utils.data.datapipes.iter.sharding
import time:       335 |        335 |                             torch.utils.data.graph
import time:       342 |      23276 |                           torch.utils.data.graph_settings
import time:       695 |      34425 |                         torch.utils.data.dataloader
import time:       273 |        273 |                         torch.utils.data.distributed
import time:       283 |      34980 |                       torch.utils.data
import time:       272 |        272 |                       torch.utils.deterministic
import time:       312 |        312 |                       torch.utils.hooks
import time:       226 |        226 |                       torch.utils.backend_registration
import time:       217 |        217 |                       torch.utils.cpp_backtrace
import time:       317 |        317 |                       torch.utils.throughput_benchmark
import time:       400 |      37614 |                     torch.utils
import time:       460 |        460 |                     torchgen
import time:       476 |        476 |                         torchgen.code_template
import time:       765 |       1241 |                       torchgen.utils
import time:     14710 |      15950 |                     torchgen.model
import time:      2310 |      56333 |                   torch.utils._python_dispatch
import time:      1189 |      58398 |                 torch.nn.modules.module
import time:       367 |        367 |                         torch.distributed.autograd
import time:       413 |        413 |                           torch.futures
import time:       338 |        338 |                           torch.distributed.rpc._utils
import time:       242 |        242 |                           torch.distributed.rpc.constants
import time:      1222 |       1222 |                           torch.distributed.rpc.internal
import time:       669 |       2882 |                         torch.distributed.rpc.api
import time:       518 |        518 |                         torch.distributed.rpc.backend_registry
import time:       289 |        289 |                         torch.distributed.rpc.functions
import time:       338 |        338 |                         torch.distributed.rpc.options
import time:      4286 |       4286 |                                 torch.utils._pytree
import time:       519 |       4804 |                               torch._vmap_internals
import time:       240 |        240 |                                   torch.utils._contextlib
import time:       399 |        639 |                                 torch.autograd.grad_mode
import time:       440 |       1079 |                               torch.autograd.forward_ad
import time:       482 |        482 |                               torch.autograd.functional
import time:       261 |        261 |                                 torch.autograd.variable
import time:       872 |       1133 |                               torch.autograd.graph
import time:       334 |        334 |                               torch.autograd.anomaly_mode
import time:       167 |        167 |                                 torch._functorch
import time:       138 |        138 |                                       torch.utils._exposed_in
import time:       146 |        284 |                                     torch._functorch.utils
import time:       253 |        253 |                                     torch._functorch.vmap
import time:       339 |        875 |                                   torch._functorch.apis
import time:       231 |        231 |                                     torch._functorch.pyfunctorch
import time:       500 |        730 |                                   torch._ops
import time:      1140 |       2744 |                                 torch._functorch.autograd_function
import time:       517 |       3427 |                               torch.autograd.function
import time:       250 |        250 |                                   torch.testing._utils
import time:        32 |         32 |                                     cmath
import time:       779 |        810 |                                   torch.testing._comparison
import time:       357 |        357 |                                   torch.testing._creation
import time:       198 |       1614 |                                 torch.testing
import time:       669 |       2282 |                               torch.autograd.gradcheck
import time:        35 |         35 |                                   _uuid
import time:       630 |        664 |                                 uuid
import time:       673 |        673 |                                 torch.autograd.profiler_util
import time:       987 |       2324 |                               torch.autograd.profiler
import time:      1314 |      17175 |                             torch.autograd
import time:       396 |      17570 |                           torch.autograd.profiler_legacy
import time:       336 |      17906 |                         torch.distributed.rpc.server_process_global_profiler
import time:      1144 |      23440 |                       torch.distributed.rpc
import time:       653 |        653 |                                   pickletools
import time:       191 |        191 |                                   torch.package._digraph
import time:       137 |        137 |                                   torch.package._importlib
import time:       138 |        138 |                                   torch.package._mangling
import time:       258 |        258 |                                     torch.package.importer
import time:       266 |        523 |                                   torch.package._package_pickler
import time:       270 |        270 |                                   torch.package._stdlib
import time:      1429 |       1429 |                                   torch.package.find_file_dependencies
import time:       220 |        220 |                                   torch.package.glob_group
import time:       964 |       4521 |                                 torch.package.package_exporter
import time:       250 |       4770 |                               torch.package.analyze.find_first_use_of_broken_modules
import time:       285 |        285 |                               torch.package.analyze.trace_dependencies
import time:       356 |       5410 |                             torch.package.analyze
import time:       303 |       5713 |                           torch.package.analyze.is_from_package
import time:       338 |        338 |                           torch.package.file_structure_representation
import time:       232 |        232 |                             torch.package._directory_reader
import time:       225 |        225 |                             torch.package._package_unpickler
import time:       841 |       1298 |                           torch.package.package_importer
import time:       199 |       7547 |                         torch.package
import time:        15 |       7562 |                       torch.package._mangling
import time:       221 |        221 |                       torch._awaits
import time:       877 |      32098 |                     torch._jit_internal
import time:      1368 |       1368 |                     torch._torch_docs
import time:       164 |        164 |                     torch.nn._reduction
import time:       137 |        137 |                       torch.nn.modules.utils
import time:       243 |        380 |                     torch.nn.grad
import time:      5365 |      39372 |                   torch.nn.functional
import time:       462 |        462 |                   torch.nn.init
import time:       475 |        475 |                   torch.nn.modules.lazy
import time:       675 |      40983 |                 torch.nn.modules.linear
import time:       800 |        800 |                 torch.nn.modules.activation
import time:       596 |        596 |                   torch.nn.modules.container
import time:       418 |       1013 |                 torch.nn.modules.adaptive
import time:       296 |        296 |                   torch.nn.modules._functions
import time:       513 |        808 |                 torch.nn.modules.batchnorm
import time:       182 |        182 |                 torch.nn.modules.channelshuffle
import time:       551 |        551 |                   torch.nn.common_types
import time:       652 |       1203 |                 torch.nn.modules.conv
import time:       218 |        218 |                 torch.nn.modules.distance
import time:       309 |        309 |                 torch.nn.modules.dropout
import time:       304 |        304 |                 torch.nn.modules.flatten
import time:       231 |        231 |                 torch.nn.modules.fold
import time:      1185 |       1185 |                 torch.nn.modules.instancenorm
import time:       652 |        652 |                 torch.nn.modules.loss
import time:       394 |        394 |                 torch.nn.modules.normalization
import time:       692 |        692 |                 torch.nn.modules.padding
import time:       350 |        350 |                 torch.nn.modules.pixelshuffle
import time:       775 |        775 |                 torch.nn.modules.pooling
import time:       203 |        203 |                           torch.__future__
import time:       568 |        771 |                         torch.nn.utils.parametrize
import time:       711 |       1481 |                       torch.nn.utils.parametrizations
import time:       569 |        569 |                       torch.nn.utils.rnn
import time:       408 |        408 |                         torch.nn.utils._named_member_accessor
import time:       401 |        808 |                       torch.nn.utils.stateless
import time:       265 |        265 |                         torch.utils._foreach_utils
import time:       368 |        633 |                       torch.nn.utils.clip_grad
import time:       209 |        209 |                       torch.nn.utils.convert_parameters
import time:       334 |        334 |                       torch.nn.utils.fusion
import time:       132 |        132 |                       torch.nn.utils.init
import time:       224 |        224 |                       torch.nn.utils.memory_format
import time:       396 |        396 |                       torch.nn.utils.spectral_norm
import time:       319 |        319 |                       torch.nn.utils.weight_norm
import time:       382 |       5483 |                     torch.nn.utils
import time:        19 |       5502 |                   torch.nn.utils.rnn
import time:      2380 |       7881 |                 torch.nn.modules.rnn
import time:       419 |        419 |                 torch.nn.modules.sparse
import time:       480 |        480 |                 torch.nn.modules.transformer
import time:       444 |        444 |                 torch.nn.modules.upsampling
import time:       629 |     118341 |               torch.nn.modules
import time:       358 |        358 |                     torch.backends.cpu
import time:       456 |        456 |                     torch.backends.cuda
import time:       385 |        385 |                     torch.backends.cudnn
import time:       243 |        243 |                     torch.backends.cusparselt
import time:       344 |        344 |                     torch.backends.mha
import time:       751 |        751 |                     torch.backends.mkl
import time:       371 |        371 |                     torch.backends.mkldnn
import time:       724 |        724 |                             torch._library.utils
import time:       710 |       1434 |                           torch._library.autograd
import time:       381 |        381 |                           torch._library.fake_impl
import time:       437 |        437 |                           torch._library.simple_registry
import time:       437 |        437 |                           torch._library.fake_class_registry
import time:       466 |        466 |                             torch._library.custom_ops
import time:       670 |        670 |                             torch._library.infer_schema
import time:       522 |       1657 |                           torch._library.triton
import time:       316 |       4659 |                         torch._library
import time:       728 |       5386 |                       torch.library
import time:       183 |       5568 |                     torch.backends.mps
import time:       246 |        246 |                     torch.backends.nnpack
import time:       147 |        147 |                     torch.backends.openmp
import time:       279 |        279 |                     torch.backends.quantized
import time:       585 |       9726 |                   torch.backends
import time:        16 |       9741 |                 torch.backends.cuda
import time:       409 |      10150 |               torch.nn.attention
import time:       297 |        297 |                   torch.nn.parallel.parallel_apply
import time:       339 |        339 |                       torch.cuda.nccl
import time:       277 |        615 |                     torch.nn.parallel.comm
import time:       378 |        993 |                   torch.nn.parallel.replicate
import time:       425 |        425 |                     torch.nn.parallel._functions
import time:       279 |        704 |                   torch.nn.parallel.scatter_gather
import time:       496 |       2489 |                 torch.nn.parallel.data_parallel
import time:       661 |        661 |                       torch.distributed.algorithms.join
import time:       201 |        861 |                     torch.distributed.algorithms
import time:        16 |        876 |                   torch.distributed.algorithms.join
import time:       500 |        500 |                   torch.distributed.utils
import time:      1389 |       2765 |                 torch.nn.parallel.distributed
import time:       218 |       5470 |               torch.nn.parallel
import time:       408 |     134996 |             torch.nn
import time:        15 |     135011 |           torch.nn.functional
import time:       400 |        400 |             torch._linalg_utils
import time:       396 |        795 |           torch._lowrank
import time:      2269 |     138075 |         torch.functional
import time:       288 |        288 |         torch.__config__
import time:       299 |        299 |           torch.accelerator._utils
import time:       315 |        614 |         torch.accelerator
import time:       334 |        334 |             torch.cpu.amp.autocast_mode
import time:       860 |        860 |             torch.cpu.amp.grad_scaler
import time:       334 |       1527 |           torch.cpu.amp
import time:       368 |       1894 |         torch.cpu
import time:       465 |        465 |             torch.distributions.constraints
import time:       360 |        360 |             torch.distributions.utils
import time:       925 |       1749 |           torch.distributions.transforms
import time:       275 |        275 |               torch.distributions.distribution
import time:       180 |        455 |             torch.distributions.exp_family
import time:       529 |        983 |           torch.distributions.bernoulli
import time:       333 |        333 |             torch.distributions.dirichlet
import time:       349 |        682 |           torch.distributions.beta
import time:       341 |        341 |           torch.distributions.binomial
import time:       199 |        199 |           torch.distributions.categorical
import time:       256 |        256 |           torch.distributions.cauchy
import time:       304 |        304 |             torch.distributions.gamma
import time:       140 |        444 |           torch.distributions.chi2
import time:       273 |        273 |           torch.distributions.constraint_registry
import time:       277 |        277 |           torch.distributions.continuous_bernoulli
import time:      1146 |       1146 |           torch.distributions.exponential
import time:       352 |        352 |           torch.distributions.fishersnedecor
import time:       290 |        290 |           torch.distributions.geometric
import time:       365 |        365 |               torch.distributions.independent
import time:       180 |        545 |             torch.distributions.transformed_distribution
import time:       195 |        195 |             torch.distributions.uniform
import time:       345 |       1084 |           torch.distributions.gumbel
import time:       416 |        416 |           torch.distributions.half_cauchy
import time:       409 |        409 |             torch.distributions.normal
import time:       384 |        792 |           torch.distributions.half_normal
import time:       269 |        269 |           torch.distributions.inverse_gamma
import time:       433 |        433 |             torch.distributions.laplace
import time:       342 |        342 |               torch.distributions.multivariate_normal
import time:       522 |        863 |             torch.distributions.lowrank_multivariate_normal
import time:       298 |        298 |             torch.distributions.one_hot_categorical
import time:       202 |        202 |             torch.distributions.pareto
import time:       151 |        151 |             torch.distributions.poisson
import time:       873 |       2818 |           torch.distributions.kl
import time:       161 |        161 |           torch.distributions.kumaraswamy
import time:       241 |        241 |           torch.distributions.lkj_cholesky
import time:       257 |        257 |           torch.distributions.log_normal
import time:       197 |        197 |           torch.distributions.logistic_normal
import time:       304 |        304 |           torch.distributions.mixture_same_family
import time:       293 |        293 |           torch.distributions.multinomial
import time:       183 |        183 |           torch.distributions.negative_binomial
import time:       176 |        176 |           torch.distributions.relaxed_bernoulli
import time:       183 |        183 |           torch.distributions.relaxed_categorical
import time:       154 |        154 |           torch.distributions.studentT
import time:       268 |        268 |                 torch.jit._builtins
import time:      1100 |       1368 |               torch.jit._async
import time:       321 |        321 |               torch.jit._await
import time:       351 |        351 |               torch.jit._decomposition_utils
import time:       188 |        188 |                   torch._classes
import time:       204 |        204 |                   torch.jit._fuser
import time:        90 |         90 |                     monkeytype
import time:       252 |        342 |                   torch.jit._monkeytype_config
import time:       244 |        244 |                     torch.jit._check
import time:       265 |        265 |                     torch.jit._state
import time:       486 |        486 |                       torch.jit.annotations
import time:       194 |        194 |                       torch.jit._dataclass_impls
import time:        89 |         89 |                       astunparse
import time:       675 |       1442 |                     torch.jit.frontend
import time:       712 |       2662 |                   torch.jit._recursive
import time:       223 |        223 |                   torch.jit._serialization
import time:      1120 |       4736 |                 torch.jit._script
import time:       780 |       5516 |               torch.jit._freeze
import time:       243 |        243 |               torch.jit._ir_utils
import time:       928 |        928 |               torch.jit._trace
import time:       396 |       9119 |             torch.jit
import time:       208 |       9327 |           torch.distributions.von_mises
import time:       230 |        230 |           torch.distributions.weibull
import time:       456 |        456 |           torch.distributions.wishart
import time:       819 |      25338 |         torch.distributions
import time:       300 |        300 |         torch.fft
import time:       278 |        278 |             urllib.response
import time:       340 |        618 |           urllib.error
import time:       821 |        821 |               http
import time:       905 |        905 |                 _ssl
import time:      1911 |       2815 |               ssl
import time:      1918 |       5553 |             http.client
import time:        31 |         31 |             _scproxy
import time:      1079 |       6662 |           urllib.request
import time:       506 |        506 |             tqdm._monitor
import time:       220 |        220 |             tqdm._tqdm_pandas
import time:        65 |         65 |                   unicodedata
import time:        80 |         80 |                   envwrap
import time:       358 |        501 |                 tqdm.utils
import time:       809 |       1309 |               tqdm.std
import time:      1255 |       1255 |               tqdm.version
import time:       390 |       2954 |             tqdm.cli
import time:       252 |        252 |             tqdm.gui
import time:       415 |       4344 |           tqdm
import time:       562 |      12185 |         torch.hub
import time:       442 |        442 |         torch.linalg
import time:       257 |        257 |           torch.mps.profiler
import time:       145 |        145 |           torch.mps.event
import time:       358 |        760 |         torch.mps
import time:       198 |        198 |           torch.mtia._utils
import time:       213 |        213 |           torch.mtia.memory
import time:       441 |        851 |         torch.mtia
import time:       438 |        438 |             multiprocessing.util
import time:       412 |        412 |             multiprocessing.resource_sharer
import time:       887 |       1736 |           torch.multiprocessing.reductions
import time:        42 |         42 |               _multiprocessing
import time:       125 |        125 |               _winapi
import time:       531 |        697 |             multiprocessing.connection
import time:       347 |        347 |             concurrent.futures.thread
import time:       462 |       1505 |           torch.multiprocessing.spawn
import time:       380 |       3619 |         torch.multiprocessing
import time:       252 |        252 |             torch.nested._internal
import time:       202 |        202 |                       torch.fx._compatibility
import time:       314 |        314 |                               torch.return_types
import time:       252 |        565 |                             torch.fx._pytree
import time:       653 |        653 |                               torch.fx.operator_schemas
import time:       211 |        211 |                               torch.fx.immutable_collections
import time:      4326 |       5189 |                             torch.fx.node
import time:      1809 |       7562 |                           torch.fx.graph
import time:       557 |       8119 |                         torch.fx.graph_module
import time:       368 |       8487 |                       torch.fx._lazy_graph_module
import time:       690 |        690 |                         torch.fx.traceback
import time:       334 |        334 |                         torch.utils._traceback
import time:      1061 |       2084 |                       torch.fx.proxy
import time:      1663 |      12434 |                     torch.fx._symbolic_trace
import time:       290 |        290 |                       torch.fx.config
import time:       820 |       1110 |                     torch.fx.interpreter
import time:       766 |        766 |                     torch.fx.subgraph_rewriter
import time:       278 |      14587 |                   torch.fx
import time:       364 |      14951 |                 torch.fx.experimental
import time:       475 |      15425 |               torch.fx.experimental._constant_symnode
import time:       303 |      15728 |             torch.nested._internal.nested_int
import time:       479 |        479 |             torch.utils.weak
import time:       464 |      16922 |           torch.nested._internal.nested_tensor
import time:       277 |      17199 |         torch.nested
import time:       927 |        927 |             torch.optim.optimizer
import time:       893 |       1819 |           torch.optim.lr_scheduler
import time:       748 |        748 |           torch.optim.swa_utils
import time:       723 |        723 |           torch.optim._adafactor
import time:       493 |        493 |           torch.optim.adadelta
import time:       282 |        282 |           torch.optim.adagrad
import time:       293 |        293 |           torch.optim.adam
import time:       291 |        291 |           torch.optim.adamax
import time:       317 |        317 |           torch.optim.adamw
import time:       291 |        291 |           torch.optim.asgd
import time:       279 |        279 |           torch.optim.lbfgs
import time:       258 |        258 |           torch.optim.nadam
import time:       334 |        334 |           torch.optim.radam
import time:       286 |        286 |           torch.optim.rmsprop
import time:       238 |        238 |           torch.optim.rprop
import time:       227 |        227 |           torch.optim.sgd
import time:       162 |        162 |             torch.optim._functional
import time:       191 |        353 |           torch.optim.sparse_adam
import time:       478 |       7702 |         torch.optim
import time:       541 |        541 |             gzip
import time:       788 |        788 |               torch.profiler._utils
import time:      2483 |       3271 |             torch.profiler._memory_profiler
import time:       794 |       4605 |           torch.profiler.profiler
import time:       351 |        351 |           torch.profiler.itt
import time:       212 |       5167 |         torch.profiler
import time:       474 |        474 |         torch.special
import time:       352 |        352 |           torch.xpu._utils
import time:       397 |        397 |           torch.xpu.streams
import time:       256 |        256 |           torch.xpu.memory
import time:       255 |        255 |           torch.xpu.random
import time:       632 |       1889 |         torch.xpu
import time:       521 |        521 |             torch.signal.windows.windows
import time:       295 |        816 |           torch.signal.windows
import time:       206 |       1022 |         torch.signal
import time:       138 |        138 |         torch.ao
import time:       210 |        210 |             torch.ao.nn
import time:       455 |        455 |               torch.ao.nn.intrinsic.modules.fused
import time:       252 |        706 |             torch.ao.nn.intrinsic.modules
import time:       234 |       1149 |           torch.ao.nn.intrinsic
import time:       263 |        263 |             torch.nn.intrinsic.modules.fused
import time:       222 |        485 |           torch.nn.intrinsic.modules
import time:       374 |        374 |                           torch.ao.nn.qat.modules.conv
import time:       177 |        177 |                           torch.ao.nn.qat.modules.embedding_ops
import time:       260 |        260 |                           torch.ao.nn.qat.modules.linear
import time:       223 |       1033 |                         torch.ao.nn.qat.modules
import time:       126 |       1159 |                       torch.ao.nn.qat
import time:       661 |       1819 |                     torch.ao.nn.intrinsic.qat.modules.conv_fused
import time:       195 |        195 |                     torch.ao.nn.intrinsic.qat.modules.linear_fused
import time:       153 |        153 |                     torch.ao.nn.intrinsic.qat.modules.linear_relu
import time:       227 |       2393 |                   torch.ao.nn.intrinsic.qat.modules
import time:       144 |       2536 |                 torch.ao.nn.intrinsic.qat
import time:       188 |       2723 |               torch.nn.intrinsic.qat.modules.conv_fused
import time:       140 |        140 |               torch.nn.intrinsic.qat.modules.linear_fused
import time:       146 |        146 |               torch.nn.intrinsic.qat.modules.linear_relu
import time:       212 |       3220 |             torch.nn.intrinsic.qat.modules
import time:       154 |       3374 |           torch.nn.intrinsic.qat
import time:       378 |        378 |                                       torch.ao.nn.quantizable.modules.activation
import time:       393 |        393 |                                       torch.ao.nn.quantizable.modules.rnn
import time:       362 |       1132 |                                     torch.ao.nn.quantizable.modules
import time:       312 |       1443 |                                   torch.ao.nn.quantizable
import time:       400 |        400 |                                   torch.ao.nn.quantized.modules.activation
import time:       234 |        234 |                                   torch.ao.nn.quantized.modules.batchnorm
import time:       296 |        296 |                                     torch.ao.nn.quantized.modules.utils
import time:       727 |       1023 |                                   torch.ao.nn.quantized.modules.conv
import time:       359 |        359 |                                   torch.ao.nn.quantized.modules.dropout
import time:       304 |        304 |                                   torch.ao.nn.quantized.modules.embedding_ops
import time:       338 |        338 |                                   torch.ao.nn.quantized.modules.functional_modules
import time:       227 |        227 |                                   torch.ao.nn.quantized.modules.linear
import time:       447 |        447 |                                   torch.ao.nn.quantized.modules.normalization
import time:       246 |        246 |                                   torch.ao.nn.quantized.modules.rnn
import time:       395 |       5412 |                                 torch.ao.nn.quantized.modules
import time:        21 |       5432 |                               torch.ao.nn.quantized.modules.utils
import time:       337 |       5769 |                             torch.ao.nn.quantized.functional
import time:       204 |       5972 |                           torch.ao.nn.quantized
import time:       417 |       6389 |                         torch.ao.nn.intrinsic.quantized.modules.bn_relu
import time:       213 |        213 |                         torch.ao.nn.intrinsic.quantized.modules.conv_add
import time:      1004 |       1004 |                         torch.ao.nn.intrinsic.quantized.modules.conv_relu
import time:       439 |        439 |                         torch.ao.nn.intrinsic.quantized.modules.linear_relu
import time:       297 |       8340 |                       torch.ao.nn.intrinsic.quantized.modules
import time:       172 |       8512 |                     torch.ao.nn.intrinsic.quantized
import time:       545 |        545 |                             torch.ao.nn.quantized.dynamic.modules.conv
import time:       271 |        271 |                             torch.ao.nn.quantized.dynamic.modules.linear
import time:       693 |        693 |                             torch.ao.nn.quantized.dynamic.modules.rnn
import time:       339 |       1846 |                           torch.ao.nn.quantized.dynamic.modules
import time:       189 |       2034 |                         torch.ao.nn.quantized.dynamic
import time:      1423 |       3456 |                       torch.ao.nn.intrinsic.quantized.dynamic.modules.linear_relu
import time:       439 |       3895 |                     torch.ao.nn.intrinsic.quantized.dynamic.modules
import time:       297 |      12702 |                   torch.ao.nn.intrinsic.quantized.dynamic
import time:       289 |      12991 |                 torch.nn.intrinsic.quantized.dynamic.modules.linear_relu
import time:       193 |      13183 |               torch.nn.intrinsic.quantized.dynamic.modules
import time:       196 |      13379 |             torch.nn.intrinsic.quantized.dynamic
import time:       248 |        248 |               torch.nn.intrinsic.quantized.modules.bn_relu
import time:       146 |        146 |               torch.nn.intrinsic.quantized.modules.conv_relu
import time:       126 |        126 |               torch.nn.intrinsic.quantized.modules.linear_relu
import time:       314 |        832 |             torch.nn.intrinsic.quantized.modules
import time:       147 |      14357 |           torch.nn.intrinsic.quantized
import time:       186 |      19548 |         torch.nn.intrinsic
import time:       205 |        205 |                         torch.ao.nn.qat.dynamic.modules.linear
import time:       183 |        388 |                       torch.ao.nn.qat.dynamic.modules
import time:       133 |        520 |                     torch.ao.nn.qat.dynamic
import time:        10 |        530 |                   torch.ao.nn.qat.dynamic.modules
import time:        11 |        540 |                 torch.ao.nn.qat.dynamic.modules.linear
import time:       192 |        732 |               torch.nn.qat.dynamic.modules.linear
import time:       188 |        919 |             torch.nn.qat.dynamic.modules
import time:       194 |       1112 |           torch.nn.qat.dynamic
import time:       184 |        184 |             torch.nn.qat.modules.conv
import time:       103 |        103 |             torch.nn.qat.modules.embedding_ops
import time:       106 |        106 |             torch.nn.qat.modules.linear
import time:       166 |        558 |           torch.nn.qat.modules
import time:       163 |       1832 |         torch.nn.qat
import time:       179 |        179 |           torch.nn.quantizable.modules
import time:       122 |        300 |         torch.nn.quantizable
import time:       192 |        192 |           torch.nn.quantized.dynamic
import time:       108 |        108 |           torch.nn.quantized.functional
import time:       136 |        136 |           torch.nn.quantized.modules
import time:       163 |        598 |         torch.nn.quantized
import time:       168 |        168 |         torch._size_docs
import time:       168 |        168 |         torch._storage_docs
import time:       812 |        812 |         torch._tensor_docs
import time:       251 |        251 |                       torch.ao.quantization.quant_type
import time:       611 |        861 |                     torch.ao.quantization.utils
import time:       626 |       1487 |                   torch.ao.quantization.observer
import time:       662 |       2149 |                 torch.ao.quantization.fake_quantize
import time:       416 |        416 |                   torch.ao.quantization.fuser_method_mappings
import time:       217 |        633 |                 torch.ao.quantization.fuse_modules
import time:       152 |        152 |                   torch.ao.quantization.pt2e
import time:       131 |        131 |                       torch.ao.ns
import time:       208 |        338 |                     torch.ao.ns.fx
import time:       347 |        347 |                     torch.ao.ns.fx.ns_types
import time:       631 |       1315 |                   torch.ao.ns.fx.utils
import time:       230 |        230 |                                 torch._dispatch
import time:       358 |        358 |                                       unittest.util
import time:       681 |       1039 |                                     unittest.result
import time:       591 |        591 |                                     unittest.case
import time:       275 |        275 |                                     unittest.suite
import time:       521 |        521 |                                     unittest.loader
import time:       457 |        457 |                                         gettext
import time:       685 |       1142 |                                       argparse
import time:       201 |        201 |                                         unittest.signals
import time:       410 |        610 |                                       unittest.runner
import time:       384 |       2135 |                                     unittest.main
import time:       567 |       5125 |                                   unittest
import time:       228 |        228 |                                       asyncio.constants
import time:       152 |        152 |                                       asyncio.coroutines
import time:       257 |        257 |                                         asyncio.format_helpers
import time:       320 |        320 |                                           asyncio.base_futures
import time:       210 |        210 |                                           asyncio.exceptions
import time:       206 |        206 |                                           asyncio.base_tasks
import time:       137 |        871 |                                         _asyncio
import time:       511 |       1639 |                                       asyncio.events
import time:       391 |        391 |                                       asyncio.futures
import time:       255 |        255 |                                       asyncio.protocols
import time:       414 |        414 |                                         asyncio.transports
import time:       295 |        295 |                                         asyncio.log
import time:       738 |       1446 |                                       asyncio.sslproto
import time:       128 |        128 |                                           asyncio.mixins
import time:       408 |        408 |                                           asyncio.tasks
import time:       528 |       1063 |                                         asyncio.locks
import time:       330 |       1392 |                                       asyncio.staggered
import time:       222 |        222 |                                       asyncio.trsock
import time:      1474 |       7196 |                                     asyncio.base_events
import time:       338 |        338 |                                     asyncio.runners
import time:       363 |        363 |                                     asyncio.queues
import time:       389 |        389 |                                     asyncio.streams
import time:       339 |        339 |                                     asyncio.subprocess
import time:       281 |        281 |                                     asyncio.taskgroups
import time:       971 |        971 |                                     asyncio.timeouts
import time:       213 |        213 |                                     asyncio.threads
import time:       351 |        351 |                                       asyncio.base_subprocess
import time:       659 |        659 |                                       asyncio.selector_events
import time:       706 |       1715 |                                     asyncio.unix_events
import time:       540 |      12342 |                                   asyncio
import time:       692 |        692 |                                   pkgutil
import time:      1055 |      19212 |                                 unittest.mock
import time:       612 |      20054 |                               torch._dispatch.python
import time:      2723 |       2723 |                               torch._guards
import time:       248 |        248 |                                           torch._logging.structured
import time:      1616 |       1863 |                                         torch._logging._internal
import time:       370 |       2232 |                                       torch._logging._registrations
import time:       214 |       2446 |                                     torch._logging
import time:       243 |        243 |                                       torch.utils._mode_utils
import time:      3491 |       3733 |                                     torch._subclasses.meta_utils
import time:       283 |        283 |                                     torch.utils._backport_slots
import time:       294 |        294 |                                     torch.utils._stats
import time:      1069 |       1069 |                                       torch.fx.experimental.sym_node
import time:      1631 |       2700 |                                     torch._subclasses._fake_tensor_utils
import time:       339 |        339 |                                       torch._custom_op
import time:      3462 |       3800 |                                     torch._subclasses.fake_impls
import time:      4010 |      17262 |                                   torch._subclasses.fake_tensor
import time:       537 |        537 |                                   torch._subclasses.fake_utils
import time:       272 |      18070 |                                 torch._subclasses
import time:        16 |      18085 |                               torch._subclasses.meta_utils
import time:       410 |      41271 |                             torch.fx.passes.shape_prop
import time:       149 |        149 |                             pydot
import time:       354 |      41774 |                           torch.fx.passes.graph_drawer
import time:       339 |        339 |                           torch.fx.passes.graph_manipulation
import time:       918 |        918 |                                   torch.fx.passes.utils.matcher_utils
import time:       373 |       1290 |                                 torch.fx.passes.utils.common
import time:       217 |       1506 |                               torch.fx.passes.utils
import time:       884 |        884 |                               torch.fx.passes.tools_common
import time:       671 |       3061 |                             torch.fx.passes.split_utils
import time:       725 |       3785 |                           torch.fx.passes.net_min_base
import time:       561 |        561 |                           torch.fx.passes.operator_support
import time:       250 |        250 |                           torch.fx.passes.param_fetch
import time:       931 |        931 |                           torch.fx.passes.reinplace
import time:       325 |        325 |                             torch.fx._utils
import time:       361 |        361 |                               torch.utils._thunk
import time:       820 |        820 |                               torch.fx.experimental._backward_state
import time:      1187 |       2368 |                             torch.fx.experimental.proxy_tensor
import time:       621 |       3312 |                           torch.fx.passes.runtime_assert
import time:       479 |        479 |                           torch.fx.passes.split_module
import time:       878 |        878 |                           torch.fx.passes.splitter_base
import time:       414 |      52719 |                         torch.fx.passes
import time:        12 |      52731 |                       torch.fx.passes.utils
import time:       745 |      53475 |                     torch.fx.passes.utils.source_matcher_utils
import time:       492 |      53966 |                   torch.ao.quantization.pt2e.graph_utils
import time:       292 |        292 |                           torch.fx.passes.infra.pass_base
import time:       567 |        858 |                         torch.fx.passes.infra.pass_manager
import time:       224 |       1082 |                       torch.fx.passes.infra
import time:        14 |       1096 |                     torch.fx.passes.infra.pass_base
import time:       164 |        164 |                           torch.export._tree_utils
import time:      1970 |       1970 |                           torch.export.graph_signature
import time:       332 |        332 |                                 torch._custom_op.autograd
import time:       621 |        953 |                               torch._custom_op.impl
import time:       298 |       1250 |                             torch._custom_ops
import time:       256 |        256 |                                       numpy._core
import time:       424 |        680 |                                     numpy._core._multiarray_umath
import time:      1023 |       1702 |                                   torch._subclasses.functional_tensor
import time:       791 |        791 |                                   torch._higher_order_ops.utils
import time:       583 |       3074 |                                 torch._higher_order_ops.cond
import time:       429 |        429 |                                 torch._higher_order_ops.flex_attention
import time:       453 |        453 |                                 torch._higher_order_ops.hints_wrap
import time:       316 |        316 |                                 torch._higher_order_ops.invoke_subgraph
import time:       381 |        381 |                                 torch._higher_order_ops.prim_hop_base
import time:       279 |        279 |                                 torch._higher_order_ops.scan
import time:       235 |        235 |                                 torch._higher_order_ops.while_loop
import time:       393 |       5557 |                               torch._higher_order_ops
import time:       325 |       5881 |                             torch._higher_order_ops.strict_mode
import time:       346 |       7476 |                           torch._export.wrappers
import time:       475 |        475 |                           torch._export.utils
import time:       523 |      10606 |                         torch._export
import time:        16 |      10621 |                       torch._export.utils
import time:       553 |      11173 |                     torch.export.decomp_utils
import time:       362 |        362 |                         torch._export.verifier
import time:      1268 |       1629 |                       torch.export.exported_program
import time:      1375 |       3004 |                     torch.export.dynamic_shapes
import time:       259 |        259 |                               torch._functorch._aot_autograd
import time:       704 |        962 |                             torch._functorch._aot_autograd.utils
import time:       393 |       1355 |                           torch._higher_order_ops.torchbind
import time:       496 |       1850 |                         torch._higher_order_ops.effects
import time:       382 |       2232 |                       torch.export._remove_effect_tokens_pass
import time:      1843 |       4074 |                     torch.export.unflatten
import time:       576 |      19922 |                   torch.export
import time:      1086 |      76440 |                 torch.ao.quantization.pt2e._numeric_debugger
import time:       279 |        279 |                 torch.ao.quantization.pt2e.export_utils
import time:       447 |        447 |                 torch.ao.quantization.qconfig
import time:       234 |        234 |                 torch.ao.quantization.qconfig_mapping
import time:       394 |        394 |                         torch.ao.nn.quantized.reference.modules.utils
import time:      1045 |       1439 |                       torch.ao.nn.quantized.reference.modules.conv
import time:       269 |        269 |                       torch.ao.nn.quantized.reference.modules.linear
import time:       572 |        572 |                       torch.ao.nn.quantized.reference.modules.rnn
import time:       340 |        340 |                       torch.ao.nn.quantized.reference.modules.sparse
import time:       534 |       3152 |                     torch.ao.nn.quantized.reference.modules
import time:       268 |       3420 |                   torch.ao.nn.quantized.reference
import time:       528 |        528 |                           torch.ao.nn.sparse.quantized.linear
import time:       216 |        216 |                           torch.ao.nn.sparse.quantized.utils
import time:       293 |       1036 |                         torch.ao.nn.sparse.quantized.dynamic.linear
import time:       198 |       1233 |                       torch.ao.nn.sparse.quantized.dynamic
import time:       246 |       1478 |                     torch.ao.nn.sparse.quantized
import time:       173 |       1651 |                   torch.ao.nn.sparse
import time:       327 |        327 |                   torch.ao.quantization.stubs
import time:       565 |       5961 |                 torch.ao.quantization.quantization_mappings
import time:      1255 |       1255 |                 torch.ao.quantization.quantize
import time:       291 |        291 |                 torch.ao.quantization.quantize_jit
import time:       484 |      88168 |               torch.ao.quantization
import time:        24 |      88191 |             torch.ao.quantization.fake_quantize
import time:       247 |      88438 |           torch.quantization.fake_quantize
import time:       163 |        163 |           torch.quantization.fuse_modules
import time:       211 |        211 |           torch.quantization.fuser_method_mappings
import time:       240 |        240 |           torch.quantization.observer
import time:       192 |        192 |           torch.quantization.qconfig
import time:       185 |        185 |           torch.quantization.quant_type
import time:       158 |        158 |           torch.quantization.quantization_mappings
import time:       157 |        157 |           torch.quantization.quantize
import time:       150 |        150 |           torch.quantization.quantize_jit
import time:       142 |        142 |           torch.quantization.stubs
import time:       361 |      90391 |         torch.quantization
import time:       292 |        292 |         torch.quasirandom
import time:       153 |        153 |         torch.multiprocessing._atfork
import time:       529 |        529 |         torch._lobpcg
import time:       349 |        349 |             torch.masked._docs
import time:       486 |        486 |                   torch.masked.maskedtensor.core
import time:      2026 |       2511 |                 torch.masked.maskedtensor.binary
import time:       454 |        454 |                 torch.masked.maskedtensor.passthrough
import time:       187 |        187 |                   torch.masked.maskedtensor.creation
import time:       725 |        912 |                 torch.masked.maskedtensor.reductions
import time:      1982 |       1982 |                 torch.masked.maskedtensor.unary
import time:       312 |       6169 |               torch.masked.maskedtensor
import time:        19 |       6187 |             torch.masked.maskedtensor.core
import time:       845 |       7380 |           torch.masked._ops
import time:       246 |       7626 |         torch.masked
import time:       619 |        619 |         torch.utils.dlpack
import time:       326 |        326 |             torch.fx.experimental.const_fold
import time:       618 |        944 |           torch._functorch.eager_transforms
import time:       440 |        440 |           torch._functorch.functional_call
import time:       169 |        169 |           torch._functorch.batch_norm_replacement
import time:       316 |       1868 |         torch.func
import time:       296 |        296 |                   torch.utils._content_store
import time:       321 |        617 |                 torch._prims.debug_prims
import time:       701 |        701 |                 torch._prims.rng_prims
import time:       577 |        577 |                 torch._prims_common.wrappers
import time:    112729 |     114623 |               torch._prims
import time:       546 |        546 |               torch._higher_order_ops.out_dtype
import time:     13368 |     128536 |             torch._decomp.decompositions
import time:      1205 |       1205 |               torch._refs._conversions
import time:      1949 |       1949 |               torch._refs.fft
import time:       716 |        716 |               torch._refs.linalg
import time:       276 |        276 |                 torch._refs.nn
import time:      2504 |       2780 |               torch._refs.nn.functional
import time:      1708 |       1708 |               torch._refs.special
import time:     15356 |      23711 |             torch._refs
import time:       540 |     152786 |           torch._decomp
import time:     31279 |     184064 |         torch._meta_registrations
import time:       482 |        482 |         torch.compiler
import time:     26576 |    1059051 |       torch
import time:       542 |        542 |         perth.watermarker
import time:       542 |        542 |         perth.dummy_watermarker
import time:       189 |        189 |                       xml
import time:       457 |        645 |                     xml.parsers
import time:        97 |         97 |                     pyexpat
import time:       323 |       1065 |                   xml.parsers.expat
import time:       846 |       1910 |                 plistlib
import time:       352 |        352 |                   packaging
import time:      1140 |       1140 |                           packaging.version
import time:       432 |       1571 |                         packaging._ranges
import time:       524 |        524 |                             sysconfig
import time:       426 |        426 |                               packaging._elffile
import time:       579 |       1004 |                             packaging._manylinux
import time:       567 |        567 |                             packaging._musllinux
import time:       364 |       2458 |                           packaging.tags
import time:       569 |       3026 |                         packaging.utils
import time:      2055 |       6652 |                       packaging.specifiers
import time:      1915 |       8566 |                     packaging._tokenizer
import time:       672 |       9238 |                   packaging._parser
import time:       866 |      10454 |                 packaging.markers
import time:       494 |        494 |                 packaging.requirements
import time:       289 |        289 |                   jaraco
import time:       400 |        400 |                     backports
import time:       218 |        218 |                         backports.tarfile.compat
import time:       204 |        422 |                       backports.tarfile.compat.py38
import time:       989 |       1410 |                     backports.tarfile
import time:       293 |       2102 |                   jaraco.context
import time:       666 |        666 |                         more_itertools.recipes
import time:      1013 |       1678 |                       more_itertools.more
import time:       242 |       1920 |                     more_itertools
import time:       389 |       2309 |                   jaraco.functools
import time:       281 |        281 |                       importlib.resources._itertools
import time:       369 |        649 |                     importlib.resources.readers
import time:       395 |       1044 |                   importlib.readers
import time:       838 |       6580 |                 jaraco.text
import time:       598 |        598 |                   platformdirs.api
import time:       152 |        152 |                   platformdirs.version
import time:       411 |        411 |                     platformdirs._xdg
import time:       410 |        820 |                   platformdirs.macos
import time:       499 |       2068 |                 platformdirs
/Users/mohammadkaifsaiyad/Development/VoxShift/scripts/spikes/mac_s4/.venv/lib/python3.11/site-packages/perth/perth_net/__init__.py:1: UserWarning: pkg_resources is deprecated as an API. See https://setuptools.pypa.io/en/latest/pkg_resources.html. The pkg_resources package is slated for removal as early as 2025-11-30. Refrain from using this package or pin to Setuptools<81.
  from pkg_resources import resource_filename
import time:       383 |        383 |                 _osx_support
import time:       680 |        680 |                 _sysconfigdata__darwin_darwin
import time:     22922 |      45488 |               pkg_resources
import time:       295 |        295 |                 perth.perth_net.perth_net_implicit
import time:       127 |        127 |                       ctypes.macholib
import time:       396 |        396 |                       ctypes.macholib.framework
import time:       329 |        329 |                       ctypes.macholib.dylib
import time:       495 |       1346 |                     ctypes.macholib.dyld
import time:       306 |       1652 |                   ctypes.util
import time:      2302 |       2302 |                     _cffi_backend
import time:       297 |       2599 |                   _soundfile
import time:       364 |        364 |                   _soundfile_data
import time:      2679 |       7292 |                 soundfile
import time:       246 |        246 |                     audioread.exceptions
import time:       241 |        241 |                     audioread.base
import time:       556 |       1042 |                   audioread.ffdec
import time:       381 |       1422 |                 audioread
import time:       443 |        443 |                   scipy.__config__
import time:       424 |        424 |                   scipy.version
import time:        22 |         22 |                     scipy._distributor_init_local
import time:       234 |        256 |                   scipy._distributor_init
import time:       175 |        175 |                       cython
import time:       517 |        692 |                     scipy._lib._testutils
import time:       296 |        988 |                   scipy._lib
import time:      1062 |       1062 |                   scipy._lib._pep440
import time:      1358 |       1358 |                       scipy._cyutility
import time:      1981 |       3338 |                     scipy._lib._ccallback_c
import time:       442 |       3780 |                   scipy._lib._ccallback
import time:       525 |       7475 |                 scipy
import time:       517 |        517 |                         numpy._typing._add_docstring
import time:       373 |        889 |                       numpy.typing
import time:       499 |        499 |                             scipy._lib.array_api_compat.common._typing
import time:       600 |       1099 |                           scipy._lib.array_api_compat.common._helpers
import time:       346 |       1444 |                         scipy._lib.array_api_compat.common
import time:       253 |       1696 |                       scipy._lib.array_api_compat
import time:       186 |        186 |                         scipy._lib.array_api_compat._internal
import time:       238 |        238 |                           numpy.testing._private
import time:      7202 |       7202 |                           numpy.testing._private.utils
import time:       527 |        527 |                           numpy.testing._private.extbuild
import time:       190 |        190 |                           numpy.testing.overrides
import time:       366 |       8521 |                         numpy.testing
import time:      1688 |       1688 |                           scipy._lib.array_api_compat.common._aliases
import time:       404 |        404 |                           scipy._lib.array_api_compat.numpy._typing
import time:      1161 |       3252 |                         scipy._lib.array_api_compat.numpy._aliases
import time:       417 |        417 |                         scipy._lib.array_api_compat.numpy._info
import time:       726 |        726 |                           scipy._lib.array_api_compat.common._linalg
import time:       621 |       1346 |                         scipy._lib.array_api_compat.numpy.linalg
import time:       304 |        304 |                           scipy._lib.array_api_compat.common._fft
import time:       569 |        873 |                         scipy._lib.array_api_compat.numpy.fft
import time:       946 |      15539 |                       scipy._lib.array_api_compat.numpy
import time:       318 |        318 |                             scipy._lib.array_api_extra._lib
import time:       246 |        246 |                                 scipy._lib.array_api_extra._lib._utils
import time:       149 |        149 |                                       scipy._lib._sparse
import time:       423 |        572 |                                     scipy._lib._array_api_override
import time:       168 |        740 |                                   scipy._lib._array_api_compat_vendor
import time:       258 |        997 |                                 scipy._lib.array_api_extra._lib._utils._compat
import time:       147 |        147 |                                   scipy._lib.array_api_extra._lib._utils._typing
import time:       544 |        691 |                                 scipy._lib.array_api_extra._lib._utils._helpers
import time:      1278 |       3210 |                               scipy._lib.array_api_extra._lib._at
import time:       639 |       3849 |                             scipy._lib.array_api_extra._lib._funcs
import time:       514 |       4680 |                           scipy._lib.array_api_extra._delegation
import time:       372 |        372 |                           scipy._lib.array_api_extra._lib._lazy
import time:       287 |       5338 |                         scipy._lib.array_api_extra
import time:       417 |       5754 |                       scipy._lib.array_api_extra.testing
import time:      1385 |       1385 |                         pydoc
import time:      1009 |       2394 |                       scipy._lib._docscrape
import time:       845 |      27116 |                     scipy._lib._array_api
import time:      1769 |       1769 |                       scipy.signal._sigtools
import time:       399 |        399 |                           scipy._lib.doccer
import time:      1914 |       1914 |                               scipy.linalg._fblas
import time:        40 |         40 |                               scipy.linalg._cblas
import time:       422 |       2375 |                             scipy.linalg.blas
import time:      3263 |       3263 |                               scipy.linalg._flapack
import time:        43 |         43 |                               scipy.linalg._clapack
import time:      1073 |       4379 |                             scipy.linalg.lapack
import time:       861 |       7613 |                           scipy.linalg._misc
import time:      3495 |       3495 |                             scipy.linalg.cython_lapack
import time:      1090 |       1090 |                             scipy._lib._util
import time:      2354 |       6939 |                           scipy.linalg._cythonized_array_utils
import time:      4806 |       4806 |                             scipy.linalg._decomp
import time:      1540 |       1540 |                             scipy.linalg._decomp_svd
import time:      1521 |       1521 |                             scipy.linalg._solve_toeplitz
import time:      1853 |       1853 |                             scipy.linalg._batched_linalg
import time:      2416 |      12135 |                           scipy.linalg._basic
import time:      1505 |       1505 |                             scipy.linalg._decomp_lu_cython
import time:       653 |       2158 |                           scipy.linalg._decomp_lu
import time:       580 |        580 |                           scipy.linalg._decomp_ldl
import time:       768 |        768 |                           scipy.linalg._decomp_cholesky
import time:       881 |        881 |                           scipy.linalg._decomp_qr
import time:       989 |        989 |                           scipy.linalg._decomp_qz
import time:       810 |        810 |                           scipy.linalg._decomp_schur
import time:       464 |        464 |                           scipy.linalg._decomp_polar
import time:       336 |        336 |                             scipy._lib.deprecation
import time:       890 |        890 |                             scipy.linalg._expm_frechet
import time:      2377 |       2377 |                             scipy.linalg._matfuncs_schur_sqrtm
import time:      1551 |       1551 |                             scipy.linalg._matfuncs_expm
import time:      1981 |       1981 |                             scipy.linalg._linalg_pythran
import time:      1320 |       8453 |                           scipy.linalg._matfuncs
import time:       940 |        940 |                           scipy.linalg._special_matrices
import time:       885 |        885 |                           scipy.linalg._solvers
import time:       784 |        784 |                           scipy.linalg._procrustes
import time:      1810 |       1810 |                             scipy.linalg.cython_blas
import time:      2731 |       4540 |                           scipy.linalg._decomp_update
import time:       792 |        792 |                           scipy.linalg._sketches
import time:       444 |        444 |                           scipy.linalg._decomp_cossin
import time:       258 |        258 |                           scipy.linalg.decomp
import time:       272 |        272 |                           scipy.linalg.decomp_cholesky
import time:       278 |        278 |                           scipy.linalg.decomp_lu
import time:       897 |        897 |                           scipy.linalg.decomp_qr
import time:       138 |        138 |                           scipy.linalg.decomp_svd
import time:       202 |        202 |                           scipy.linalg.decomp_schur
import time:       133 |        133 |                           scipy.linalg.basic
import time:       120 |        120 |                           scipy.linalg.misc
import time:       147 |        147 |                           scipy.linalg.special_matrices
import time:       153 |        153 |                           scipy.linalg.matfuncs
import time:       357 |        357 |                           scipy.special._sf_error
import time:      2643 |       2643 |                             scipy.special._ufuncs_cxx
import time:      1662 |       1662 |                             scipy.special._ellip_harm_2
import time:      2570 |       2570 |                             scipy.special._special_ufuncs
import time:      1784 |       1784 |                             scipy.special._gufuncs
import time:      2671 |      11329 |                           scipy.special._ufuncs
import time:       370 |        370 |                             scipy.special._input_validation
import time:      1560 |       1560 |                             scipy.special._specfun
import time:      1648 |       1648 |                             scipy.special._comb
import time:       651 |       4228 |                           scipy.special._basic
import time:       292 |        292 |                             scipy.special._spfun_stats
import time:     21238 |      21529 |                           scipy.special._support_alternative_backends
import time:      1178 |       1178 |                           scipy.special._logsumexp
import time:       571 |        571 |                           scipy.special._multiufuncs
import time:       679 |        679 |                           scipy.special._orthogonal
import time:       526 |        526 |                           scipy.special._ellip_harm
import time:       415 |        415 |                           scipy.special._lambertw
import time:       641 |        641 |                           scipy.special._spherical_bessel
import time:       285 |        285 |                           scipy.special.add_newdocs
import time:       434 |        434 |                           scipy.special.basic
import time:       815 |        815 |                           scipy.special.orthogonal
import time:       232 |        232 |                           scipy.special.specfun
import time:       254 |        254 |                           scipy.special.sf_error
import time:       280 |        280 |                           scipy.special.spfun_stats
import time:       109 |        109 |                               uarray
import time:      1594 |       1594 |                                   scipy._lib._uarray._uarray
import time:       721 |       2314 |                                 scipy._lib._uarray._backend
import time:       312 |       2625 |                               scipy._lib._uarray
import time:       293 |       3027 |                             scipy._lib.uarray
import time:      6089 |       9115 |                           scipy.fft._basic
import time:      3116 |       3116 |                           scipy.fft._realtransforms
import time:       863 |        863 |                             scipy.fft._fftlog_backend
import time:      1116 |       1978 |                           scipy.fft._fftlog
import time:      2557 |       2557 |                                 scipy.fft._pocketfft.pypocketfft
import time:       662 |        662 |                                 scipy.fft._pocketfft.helper
import time:       409 |       3626 |                               scipy.fft._pocketfft.basic
import time:       404 |        404 |                               scipy.fft._pocketfft.realtransforms
import time:       282 |       4311 |                             scipy.fft._pocketfft
import time:      1211 |       5522 |                           scipy.fft._helper
import time:       393 |        393 |                             scipy.fft._basic_backend
import time:       318 |        318 |                             scipy.fft._realtransforms_backend
import time:       748 |       1459 |                           scipy.fft._backend
import time:      8113 |     126205 |                         scipy.signal.windows._windows
import time:       333 |        333 |                         scipy.signal.windows.windows
import time:       236 |     126774 |                       scipy.signal.windows
import time:       401 |        401 |                       scipy.signal._waveforms
import time:      1922 |       1922 |                         scipy.signal._max_len_seq_inner
import time:       305 |       2226 |                       scipy.signal._max_len_seq
import time:      1534 |       1534 |                         scipy.signal._upfirdn_apply
import time:       331 |       1865 |                       scipy.signal._upfirdn
import time:      1830 |       1830 |                       scipy.signal._spline
import time:       479 |        479 |                                     scipy.sparse._sputils
import time:       389 |        389 |                                     scipy.sparse._matrix
import time:       859 |       1726 |                                   scipy.sparse._base
import time:      2330 |       2330 |                                     scipy.sparse._sparsetools
import time:       434 |        434 |                                       scipy.sparse._data
import time:       409 |        409 |                                       scipy.sparse._index
import time:       792 |       1634 |                                     scipy.sparse._compressed
import time:       623 |       4586 |                                   scipy.sparse._csr
import time:       865 |        865 |                                   scipy.sparse._csc
import time:      2014 |       2014 |                                     scipy.sparse._csparsetools
import time:       627 |       2641 |                                   scipy.sparse._lil
import time:       591 |        591 |                                   scipy.sparse._dok
import time:       735 |        735 |                                   scipy.sparse._coo
import time:       550 |        550 |                                   scipy.sparse._dia
import time:       513 |        513 |                                   scipy.sparse._bsr
import time:      1464 |       1464 |                                   scipy.sparse._construct
import time:       380 |        380 |                                   scipy.sparse._extract
import time:       326 |        326 |                                   scipy.sparse._matrix_io
import time:       341 |        341 |                                   scipy.sparse.base
import time:       331 |        331 |                                   scipy.sparse.bsr
import time:       988 |        988 |                                   scipy.sparse.compressed
import time:       341 |        341 |                                   scipy.sparse.construct
import time:       218 |        218 |                                   scipy.sparse.coo
import time:       227 |        227 |                                   scipy.sparse.csc
import time:       297 |        297 |                                   scipy.sparse.csr
import time:       236 |        236 |                                   scipy.sparse.data
import time:       198 |        198 |                                   scipy.sparse.dia
import time:       176 |        176 |                                   scipy.sparse.dok
import time:       166 |        166 |                                   scipy.sparse.extract
import time:       168 |        168 |                                   scipy.sparse.lil
import time:       167 |        167 |                                   scipy.sparse.sparsetools
import time:       215 |        215 |                                   scipy.sparse.sputils
import time:       839 |      19270 |                                 scipy.sparse
import time:      2379 |      21648 |                               scipy.spatial._ckdtree
import time:       518 |      22166 |                             scipy.spatial._kdtree
import time:      2052 |       2052 |                               scipy._lib.messagestream
import time:      2945 |       4997 |                             scipy.spatial._qhull
import time:      2651 |       2651 |                               scipy.spatial._voronoi
import time:       402 |       3053 |                             scipy.spatial._spherical_voronoi
import time:       303 |        303 |                             scipy.spatial._plotutils
import time:       250 |        250 |                             scipy.spatial._procrustes
import time:      1632 |       1632 |                                 scipy.spatial._hausdorff
import time:      2746 |       2746 |                                 scipy.spatial._distance_pybind
import time:      1864 |       1864 |                                 scipy.spatial._distance_wrap
import time:      2108 |       8348 |                               scipy.spatial.distance
import time:       201 |       8549 |                             scipy.spatial._geometric_slerp
import time:       434 |        434 |                             scipy.spatial.ckdtree
import time:       260 |        260 |                             scipy.spatial.kdtree
import time:      1078 |       1078 |                             scipy.spatial.qhull
import time:      2375 |       2375 |                                 scipy.spatial.transform._rotation_cy
import time:       617 |        617 |                                 scipy.spatial.transform._rotation_xp
import time:      2817 |       2817 |                                     scipy.constants._codata
import time:       836 |        836 |                                     scipy.constants._constants
import time:       259 |        259 |                                     scipy.constants.codata
import time:       243 |        243 |                                     scipy.constants.constants
import time:       855 |       5008 |                                   scipy.constants
import time:       359 |       5367 |                                 scipy.spatial.transform._rotation_groups
import time:      8042 |      16399 |                               scipy.spatial.transform._rotation
import time:      2584 |       2584 |                                 scipy.spatial.transform._rigid_transform_cy
import time:       618 |        618 |                                 scipy.spatial.transform._rigid_transform_xp
import time:      5054 |       8254 |                               scipy.spatial.transform._rigid_transform
import time:       539 |        539 |                               scipy.spatial.transform._rotation_spline
import time:       399 |        399 |                               scipy.spatial.transform.rotation
import time:       310 |      25899 |                             scipy.spatial.transform
import time:       513 |      67496 |                           scipy.spatial
import time:      5114 |       5114 |                                     scipy.interpolate._fitpack
import time:      2308 |       2308 |                                     scipy.interpolate._dfitpack
import time:      1119 |       8541 |                                   scipy.interpolate._fitpack_impl
import time:       474 |        474 |                                               scipy.sparse.linalg._interface
import time:       277 |        277 |                                               scipy.sparse.linalg._isolve.utils
import time:       422 |       1172 |                                             scipy.sparse.linalg._isolve.iterative
import time:       296 |        296 |                                             scipy.sparse.linalg._isolve.minres
import time:       401 |        401 |                                               scipy.sparse.linalg._isolve._gcrotmk
import time:       293 |        693 |                                             scipy.sparse.linalg._isolve.lgmres
import time:       392 |        392 |                                             scipy.sparse.linalg._isolve.lsqr
import time:       312 |        312 |                                             scipy.sparse.linalg._isolve.lsmr
import time:       346 |        346 |                                             scipy.sparse.linalg._isolve.tfqmr
import time:       595 |       3804 |                                           scipy.sparse.linalg._isolve
import time:      2083 |       2083 |                                               scipy.sparse.linalg._dsolve._superlu
import time:       122 |        122 |                                                 scikits
import time:        15 |        136 |                                               scikits.umfpack
import time:       407 |       2625 |                                             scipy.sparse.linalg._dsolve.linsolve
import time:       308 |        308 |                                             scipy.sparse.linalg._dsolve._add_newdocs
import time:       332 |       3264 |                                           scipy.sparse.linalg._dsolve
import time:      2103 |       2103 |                                                 scipy.sparse.linalg._eigen.arpack._arpacklib
import time:      1364 |       3467 |                                               scipy.sparse.linalg._eigen.arpack.arpack
import time:       863 |       4329 |                                             scipy.sparse.linalg._eigen.arpack
import time:       642 |        642 |                                               scipy.sparse.linalg._eigen.lobpcg.lobpcg
import time:       364 |       1006 |                                             scipy.sparse.linalg._eigen.lobpcg
import time:      2319 |       2319 |                                                 scipy.sparse.linalg._propack
import time:       361 |       2679 |                                               scipy.sparse.linalg._svdp
import time:      1339 |       4018 |                                             scipy.sparse.linalg._eigen._svds
import time:       291 |       9642 |                                           scipy.sparse.linalg._eigen
import time:       218 |        218 |                                               scipy.sparse.linalg._onenormest
import time:       400 |        617 |                                             scipy.sparse.linalg._expm_multiply
import time:       659 |       1276 |                                           scipy.sparse.linalg._matfuncs
import time:       278 |        278 |                                           scipy.sparse.linalg._norm
import time:       303 |        303 |                                           scipy.sparse.linalg._funm_multiply_krylov
import time:       411 |        411 |                                           scipy.sparse.linalg._special_sparse_arrays
import time:       173 |        173 |                                           scipy.sparse.linalg.isolve
import time:       165 |        165 |                                           scipy.sparse.linalg.dsolve
import time:       199 |        199 |                                           scipy.sparse.linalg.interface
import time:       179 |        179 |                                           scipy.sparse.linalg.eigen
import time:       185 |        185 |                                           scipy.sparse.linalg.matfuncs
import time:       488 |      20361 |                                         scipy.sparse.linalg
import time:       335 |        335 |                                           scipy.optimize._dcsrch
import time:       427 |        761 |                                         scipy.optimize._linesearch
import time:      2526 |       2526 |                                           scipy.optimize._group_columns
import time:       329 |       2855 |                                         scipy.optimize._numdiff
import time:       525 |        525 |                                           scipy.optimize._hessian_update_strategy
import time:       383 |        907 |                                         scipy.optimize._differentiable_functions
import time:      1715 |      26598 |                                       scipy.optimize._optimize
import time:       323 |        323 |                                           scipy.optimize._trustregion
import time:       287 |        609 |                                         scipy.optimize._trustregion_dogleg
import time:       169 |        169 |                                         scipy.optimize._trustregion_ncg
import time:      2729 |       2729 |                                             scipy.optimize._trlib._trlib
import time:       297 |       3025 |                                           scipy.optimize._trlib
import time:       219 |       3244 |                                         scipy.optimize._trustregion_krylov
import time:       493 |        493 |                                         scipy.optimize._trustregion_exact
import time:       557 |        557 |                                             scipy.optimize._constraints
import time:       109 |        109 |                                                   sksparse
import time:        32 |        140 |                                                 sksparse.cholmod
import time:       263 |        402 |                                               scipy.optimize._trustregion_constr.projections
import time:       595 |        595 |                                               scipy.optimize._trustregion_constr.qp_subproblem
import time:       329 |       1325 |                                             scipy.optimize._trustregion_constr.equality_constrained_sqp
import time:       253 |        253 |                                             scipy.optimize._trustregion_constr.canonical_constraint
import time:       336 |        336 |                                             scipy.optimize._trustregion_constr.tr_interior_point
import time:       177 |        177 |                                             scipy.optimize._trustregion_constr.report
import time:       589 |       3234 |                                           scipy.optimize._trustregion_constr.minimize_trustregion_constr
import time:       197 |       3430 |                                         scipy.optimize._trustregion_constr
import time:      2064 |       2064 |                                           scipy.optimize._lbfgsb
import time:       267 |       2331 |                                         scipy.optimize._lbfgsb_py
import time:      2407 |       2407 |                                           scipy.optimize._moduleTNC
import time:       501 |       2907 |                                         scipy.optimize._tnc
import time:       462 |        462 |                                         scipy.optimize._cobyla_py
import time:       290 |        290 |                                         scipy.optimize._cobyqa_py
import time:      2310 |       2310 |                                           scipy.optimize._slsqplib
import time:       324 |       2634 |                                         scipy.optimize._slsqp_py
import time:       653 |      17217 |                                       scipy.optimize._minimize
import time:      2125 |       2125 |                                           scipy.optimize._minpack
import time:       265 |        265 |                                                 scipy.optimize._lsq.common
import time:       383 |        647 |                                               scipy.optimize._lsq.trf
import time:       310 |        310 |                                               scipy.optimize._lsq.dogbox
import time:       462 |       1418 |                                             scipy.optimize._lsq.least_squares
import time:      2403 |       2403 |                                                 scipy.optimize._lsq.givens_elimination
import time:       317 |       2720 |                                               scipy.optimize._lsq.trf_linear
import time:       668 |        668 |                                               scipy.optimize._lsq.bvls
import time:       253 |       3639 |                                             scipy.optimize._lsq.lsq_linear
import time:       433 |       5488 |                                           scipy.optimize._lsq
import time:       432 |       8044 |                                         scipy.optimize._minpack_py
import time:       613 |        613 |                                         scipy.optimize._spectral
import time:      1499 |       1499 |                                         scipy.optimize._nonlin
import time:       354 |      10510 |                                       scipy.optimize._root
import time:      2277 |       2277 |                                           scipy.optimize._zeros
import time:       561 |       2837 |                                         scipy.optimize._zeros_py
import time:       729 |       3566 |                                       scipy.optimize._root_scalar
import time:       618 |        618 |                                       scipy.optimize._nnls
import time:      1322 |       1322 |                                       scipy.optimize._basinhopping
import time:       917 |        917 |                                             scipy.optimize._highspy
import time:     12602 |      12602 |                                             scipy.optimize._highspy._core
import time:      2849 |       2849 |                                             scipy.optimize._highspy._highs_options
import time:      1240 |      17606 |                                           scipy.optimize._highspy._highs_wrapper
import time:       465 |      18070 |                                         scipy.optimize._linprog_highs
import time:      2333 |       2333 |                                                 scipy.linalg._decomp_interpolative
import time:       370 |       2702 |                                               scipy.linalg.interpolative
import time:       367 |       3069 |                                             scipy.optimize._remove_redundancy
import time:       661 |       3730 |                                           scipy.optimize._linprog_util
import time:       200 |        200 |                                           sksparse
import time:        99 |         99 |                                             scikits
import time:        16 |        114 |                                           scikits.umfpack
import time:       545 |       4587 |                                         scipy.optimize._linprog_ip
import time:       381 |        381 |                                         scipy.optimize._linprog_simplex
import time:      2334 |       2334 |                                           scipy.optimize._bglu_dense
import time:       500 |       2834 |                                         scipy.optimize._linprog_rs
import time:       473 |        473 |                                         scipy.optimize._linprog_doc
import time:       366 |      26709 |                                       scipy.optimize._linprog
import time:      2346 |       2346 |                                       scipy.optimize._lsap
import time:      2489 |       2489 |                                       scipy.optimize._differentialevolution
import time:      2592 |       2592 |                                         scipy.optimize._pava_pybind
import time:       536 |       3127 |                                       scipy.optimize._isotonic
import time:       297 |        297 |                                           scipy.optimize._shgo_lib
import time:       921 |        921 |                                             _decimal
import time:       536 |       1457 |                                           decimal
import time:       469 |        469 |                                           scipy.optimize._shgo_lib._vertex
import time:       598 |       2819 |                                         scipy.optimize._shgo_lib._complex
import time:       706 |       3524 |                                       scipy.optimize._shgo
import time:      1062 |       1062 |                                       scipy.optimize._dual_annealing
import time:       482 |        482 |                                       scipy.optimize._qap
import time:      2814 |       2814 |                                         scipy.optimize._direct
import time:     32262 |      35076 |                                       scipy.optimize._direct_py
import time:       566 |        566 |                                       scipy.optimize._milp
import time:       358 |        358 |                                       scipy.optimize.cobyla
import time:       376 |        376 |                                       scipy.optimize.lbfgsb
import time:       688 |        688 |                                       scipy.optimize.linesearch
import time:       202 |        202 |                                       scipy.optimize.minpack
import time:       350 |        350 |                                       scipy.optimize.minpack2
import time:       237 |        237 |                                       scipy.optimize.moduleTNC
import time:       151 |        151 |                                       scipy.optimize.nonlin
import time:       215 |        215 |                                       scipy.optimize.optimize
import time:       174 |        174 |                                       scipy.optimize.slsqp
import time:       164 |        164 |                                       scipy.optimize.tnc
import time:       124 |        124 |                                       scipy.optimize.zeros
import time:       855 |     139094 |                                     scipy.optimize
import time:      2658 |       2658 |                                     scipy.interpolate._dierckx
import time:      2181 |     143931 |                                   scipy.interpolate._bsplines
import time:      3090 |     155561 |                                 scipy.interpolate._fitpack_py
import time:       913 |        913 |                                 scipy.interpolate._polyint
import time:      2917 |       2917 |                                 scipy.interpolate._ppoly
import time:      2710 |       2710 |                                 scipy.interpolate._interpnd
import time:      1736 |     163835 |                               scipy.interpolate._interpolate
import time:      3541 |       3541 |                               scipy.interpolate._fitpack2
import time:       957 |        957 |                               scipy.interpolate._rbf
import time:       333 |        333 |                                   scipy.interpolate._rbfinterp_common
import time:      2722 |       2722 |                                   scipy.interpolate._rbfinterp_pythran
import time:       521 |       3574 |                                 scipy.interpolate._rbfinterp_np
import time:       604 |        604 |                                 scipy.interpolate._rbfinterp_xp
import time:      1407 |       5585 |                               scipy.interpolate._rbfinterp
import time:      2204 |       2204 |                               scipy.interpolate._cubic
import time:       492 |        492 |                               scipy.interpolate._ndgriddata
import time:      1731 |       1731 |                               scipy.interpolate._fitpack_repro
import time:       214 |        214 |                               scipy.interpolate._pade
import time:      2270 |       2270 |                                 scipy.interpolate._rgi_cython
import time:      1032 |       1032 |                                 scipy.interpolate._ndbspline
import time:      1115 |       4416 |                               scipy.interpolate._rgi
import time:       620 |        620 |                               scipy.interpolate._bary_rational
import time:       313 |        313 |                               scipy.interpolate.fitpack
import time:       304 |        304 |                               scipy.interpolate.fitpack2
import time:      1147 |       1147 |                               scipy.interpolate.interpolate
import time:       195 |        195 |                               scipy.interpolate.ndgriddata
import time:       156 |        156 |                               scipy.interpolate.polyint
import time:       187 |        187 |                               scipy.interpolate.rbf
import time:       137 |        137 |                               scipy.interpolate.interpnd
import time:       703 |     186728 |                             scipy.interpolate
import time:       386 |        386 |                               scipy.signal._arraytools
import time:       285 |        285 |                               scipy.signal._polyutils
import time:      1144 |       1813 |                             scipy.signal._filter_design
import time:       277 |        277 |                             scipy.signal._lti_conversion
import time:       782 |     189598 |                           scipy.signal._ltisys
import time:       293 |        293 |                                 scipy.ndimage._ni_support
import time:      2472 |       2472 |                                 scipy.ndimage._nd_image
import time:       293 |        293 |                                 scipy.ndimage._ni_docstrings
import time:      2826 |       2826 |                                 scipy.ndimage._rank_filter_1d
import time:      1826 |       7708 |                               scipy.ndimage._filters
import time:       380 |        380 |                               scipy.ndimage._fourier
import time:       947 |        947 |                               scipy.ndimage._interpolation
import time:      2807 |       2807 |                                 scipy.ndimage._ni_label
import time:       589 |        589 |                                 scipy.ndimage._morphology
import time:       616 |       4012 |                               scipy.ndimage._measurements
import time:       512 |      13556 |                             scipy.ndimage._ndimage_api
import time:       421 |        421 |                             scipy.ndimage._delegators
import time:     21288 |      35264 |                           scipy.ndimage._support_alternative_backends
import time:       519 |        519 |                           scipy.ndimage.filters
import time:       415 |        415 |                           scipy.ndimage.fourier
import time:      1099 |       1099 |                           scipy.ndimage.interpolation
import time:       265 |        265 |                           scipy.ndimage.measurements
import time:       170 |        170 |                           scipy.ndimage.morphology
import time:       579 |        579 |                           scipy.signal._fir_filter_design
import time:      2767 |       2767 |                           scipy.signal._sosfilt
import time:      1276 |     299443 |                         scipy.signal._signaltools
import time:       609 |     300052 |                       scipy.signal._spline_filters
import time:       402 |        402 |                       scipy.signal._savitzky_golay
import time:       789 |        789 |                         scipy.signal._short_time_fft
import time:      1284 |       2072 |                       scipy.signal._spectral_py
import time:       202 |        202 |                         scipy.signal._wavelets
import time:       447 |        447 |                           scipy.stats._warnings_errors
import time:       488 |        488 |                                 scipy.stats._distr_params
import time:      2692 |       2692 |                                 scipy.integrate._quadrature
import time:      2713 |       2713 |                                   scipy.integrate._odepack
import time:      1234 |       3946 |                                 scipy.integrate._odepack_py
import time:      2815 |       2815 |                                   scipy.integrate._quadpack
import time:      2850 |       5665 |                                 scipy.integrate._quadpack_py
import time:      3139 |       3139 |                                   scipy.integrate._vode
import time:      2772 |       2772 |                                   scipy.integrate._dop
import time:       874 |       6784 |                                 scipy.integrate._ode
import time:      1423 |       1423 |                                 scipy.integrate._bvp
import time:      1321 |       1321 |                                       scipy.integrate._ivp.common
import time:       708 |        708 |                                       scipy.integrate._ivp.base
import time:       995 |       3023 |                                     scipy.integrate._ivp.bdf
import time:       659 |        659 |                                     scipy.integrate._ivp.radau
import time:       327 |        327 |                                       scipy.integrate._ivp.dop853_coefficients
import time:       556 |        883 |                                     scipy.integrate._ivp.rk
import time:       500 |        500 |                                     scipy.integrate._ivp.lsoda
import time:      2300 |       7363 |                                   scipy.integrate._ivp.ivp
import time:       410 |       7772 |                                 scipy.integrate._ivp
import time:      1038 |       1038 |                                 scipy.integrate._quad_vec
import time:      1190 |       1190 |                                   scipy._lib._elementwise_iterative_method
import time:      2327 |       3516 |                                 scipy.integrate._tanhsinh
import time:       469 |        469 |                                     scipy.integrate._rules._base
import time:       448 |        448 |                                     scipy.integrate._rules._genz_malik
import time:       316 |        316 |                                       scipy.integrate._rules._gauss_legendre
import time:       373 |        688 |                                     scipy.integrate._rules._gauss_kronrod
import time:       485 |       2090 |                                   scipy.integrate._rules
import time:      1822 |       3912 |                                 scipy.integrate._cubature
import time:       840 |        840 |                                 scipy.integrate._lebedev
import time:       439 |        439 |                                 scipy.integrate.dop
import time:       370 |        370 |                                 scipy.integrate.lsoda
import time:       292 |        292 |                                 scipy.integrate.vode
import time:       409 |        409 |                                 scipy.integrate.odepack
import time:       288 |        288 |                                 scipy.integrate.quadpack
import time:      1545 |       1545 |                                 scipy.stats._finite_differences
import time:       434 |        434 |                                 scipy.stats._constants
import time:       521 |        521 |                                 scipy.stats._censored_data
import time:      2058 |      44423 |                               scipy.stats._distn_infrastructure
import time:      5782 |       5782 |                                   scipy.special.cython_special
import time:      3295 |       9077 |                                 scipy.stats._stats
import time:       693 |        693 |                                 scipy.stats._tukeylambda_stats
import time:       623 |        623 |                                 scipy.stats._ksstats
import time:     28918 |      39309 |                               scipy.stats._continuous_distns
import time:      2700 |       2700 |                                 scipy.stats._biasedurn
import time:      2204 |       2204 |                                 scipy.stats._stats_pythran
import time:      5779 |      10683 |                               scipy.stats._discrete_distns
import time:      2751 |       2751 |                                 scipy.stats._levy_stable.levyst
import time:      1318 |       4069 |                               scipy.stats._levy_stable
import time:       492 |        492 |                                 scipy.stats._axis_nan_policy
import time:      3521 |       4013 |                               scipy.stats._entropy
import time:       544 |     103038 |                             scipy.stats.distributions
import time:       344 |        344 |                               scipy._lib._bunch
import time:      2702 |       2702 |                               scipy.stats._stats_mstats_common
import time:      1588 |       4634 |                             scipy.stats._mstats_basic
import time:       409 |        409 |                               scipy.stats._common
import time:      6777 |       7185 |                             scipy.stats._resampling
import time:       678 |        678 |                             scipy.stats._binomtest
import time:     37205 |     152738 |                           scipy.stats._stats_py
import time:      1231 |       1231 |                           scipy.stats._variation
import time:      3659 |       3659 |                             scipy.stats._ansari_swilk_statistics
import time:      6705 |       6705 |                               scipy.stats._hypotests
import time:       609 |       7313 |                             scipy.stats._wilcoxon
import time:      3058 |       3058 |                             scipy.stats._fit
import time:       739 |        739 |                               scipy.stats._relative_risk
import time:       596 |        596 |                               scipy.stats._crosstab
import time:       434 |        434 |                               scipy.stats._odds_ratio
import time:      1685 |       3453 |                             scipy.stats.contingency
import time:     14198 |      31678 |                           scipy.stats._morestats
import time:       519 |        519 |                                 scipy.sparse.csgraph._laplacian
import time:      3248 |       3248 |                                     scipy.sparse.csgraph._tools
import time:       543 |       3790 |                                   scipy.sparse.csgraph._validation
import time:      2900 |       6690 |                                 scipy.sparse.csgraph._shortest_path
import time:      2757 |       2757 |                                 scipy.sparse.csgraph._traversal
import time:      2631 |       2631 |                                 scipy.sparse.csgraph._min_spanning_tree
import time:      2706 |       2706 |                                 scipy.sparse.csgraph._flow
import time:      2677 |       2677 |                                 scipy.sparse.csgraph._matching
import time:      2581 |       2581 |                                 scipy.sparse.csgraph._reordering
import time:       613 |      21170 |                               scipy.sparse.csgraph
import time:      2886 |       2886 |                               scipy.stats._sobol
import time:      2838 |       2838 |                               scipy.stats._qmc_cy
import time:      1377 |      28269 |                             scipy.stats._qmc
import time:      1538 |      29806 |                           scipy.stats._multicomp
import time:      2535 |       2535 |                           scipy.stats._binned_statistic
import time:       614 |        614 |                               scipy.stats._covariance
import time:      3446 |       3446 |                                 scipy.stats._rcont.rcont
import time:       343 |       3789 |                               scipy.stats._rcont
import time:      2837 |       2837 |                                 scipy.stats._qmvnt_cy
import time:       620 |       3457 |                               scipy.stats._qmvnt
import time:      2628 |      10486 |                             scipy.stats._multivariate
import time:       492 |      10978 |                           scipy.stats._kde
import time:       510 |        510 |                             scipy.stats._mstats_extras
import time:       544 |       1054 |                           scipy.stats.mstats
import time:       348 |        348 |                           scipy.stats.qmc
import time:      1478 |       1478 |                           scipy.stats._page_trend_test
import time:      1675 |       1675 |                           scipy.stats._mannwhitneyu
import time:       748 |        748 |                           scipy.stats._bws_test
import time:      1946 |       1946 |                           scipy.stats._sensitivity_analysis
import time:      2045 |       2045 |                           scipy.stats._survival
import time:       557 |        557 |                             scipy.optimize._bracket
import time:       482 |        482 |                             scipy.optimize._chandrupatla
import time:       427 |        427 |                             scipy.stats._probability_distribution
import time:      3742 |       5206 |                           scipy.stats._distribution_infrastructure
import time:     12942 |      12942 |                           scipy.stats._new_distributions
import time:      1425 |       1425 |                           scipy.stats._mgc
import time:      2101 |       2101 |                           scipy.stats._correlation
import time:      1019 |       1019 |                           scipy.stats._quantile
import time:       371 |        371 |                           scipy.stats.biasedurn
import time:       406 |        406 |                           scipy.stats.kde
import time:       832 |        832 |                           scipy.stats.morestats
import time:       369 |        369 |                           scipy.stats.mstats_basic
import time:       209 |        209 |                           scipy.stats.mstats_extras
import time:       177 |        177 |                           scipy.stats.mvn
import time:       156 |        156 |                           scipy.stats.stats
import time:      1025 |     264933 |                         scipy.stats
import time:      2733 |       2733 |                         scipy.signal._peak_finding_utils
import time:       542 |     268409 |                       scipy.signal._peak_finding
import time:       477 |        477 |                       scipy.signal._czt
import time:       475 |     706746 |                     scipy.signal._signal_api
import time:       611 |        611 |                     scipy.signal._delegators
import time:     44683 |     779154 |                   scipy.signal._support_alternative_backends
import time:       705 |        705 |                   scipy.signal.bsplines
import time:       363 |        363 |                   scipy.signal.filter_design
import time:       395 |        395 |                   scipy.signal.fir_filter_design
import time:       782 |        782 |                   scipy.signal.lti_conversion
import time:       205 |        205 |                   scipy.signal.ltisys
import time:       195 |        195 |                   scipy.signal.spectral
import time:       266 |        266 |                   scipy.signal.signaltools
import time:       227 |        227 |                   scipy.signal.waveforms
import time:       169 |        169 |                   scipy.signal.wavelets
import time:       258 |        258 |                   scipy.signal.spline
import time:       976 |     783689 |                 scipy.signal
import time:      4159 |       4159 |                   soxr.soxr_ext
import time:      1119 |       1119 |                   soxr._version
import time:       740 |       6018 |                 soxr
import time:      1143 |       1143 |                   numba._version
import time:      1208 |       1208 |                     numba.misc
import time:       822 |       2030 |                   numba.misc.init_utils
import time:       450 |        450 |                   numba.core
import time:       735 |        735 |                       yaml.error
import time:       492 |        492 |                       yaml.tokens
import time:       595 |        595 |                       yaml.events
import time:       457 |        457 |                       yaml.nodes
import time:      3181 |       3181 |                         yaml.reader
import time:      1096 |       1096 |                         yaml.scanner
import time:       604 |        604 |                         yaml.parser
import time:       441 |        441 |                         yaml.composer
import time:      1111 |       1111 |                         yaml.constructor
import time:      1386 |       1386 |                         yaml.resolver
import time:       475 |       8292 |                       yaml.loader
import time:       497 |        497 |                         yaml.emitter
import time:       316 |        316 |                         yaml.serializer
import time:       255 |        255 |                         yaml.representer
import time:       464 |       1531 |                       yaml.dumper
import time:      3239 |       3239 |                         yaml._yaml
import time:       620 |       3859 |                       yaml.cyaml
import time:      1223 |      17181 |                     yaml
import time:       438 |        438 |                         llvmlite._version
import time:       493 |        930 |                       llvmlite
import time:       213 |        213 |                           llvmlite.binding.common
import time:       376 |        376 |                           llvmlite.utils
import time:      1097 |       1686 |                         llvmlite.binding.ffi
import time:     79132 |      80817 |                       llvmlite.binding.dylib
import time:       380 |        380 |                           llvmlite.binding.initfini
import time:       406 |        406 |                           llvmlite.binding.config
import time:       877 |       1662 |                         llvmlite.binding.targets
import time:       572 |        572 |                         llvmlite.binding.object_file
import time:       916 |       3148 |                       llvmlite.binding.executionengine
import time:      3018 |       3018 |                       llvmlite.binding.linker
import time:       555 |        555 |                                 llvmlite.ir._utils
import time:      1298 |       1852 |                               llvmlite.ir.types
import time:      1697 |       1697 |                               llvmlite.ir.values
import time:      1047 |       1047 |                                 llvmlite.ir.context
import time:       490 |       1536 |                               llvmlite.ir.module
import time:      1078 |       1078 |                                 llvmlite.ir.instructions
import time:      3578 |       4655 |                               llvmlite.ir.builder
import time:       368 |        368 |                               llvmlite.ir.transforms
import time:       391 |      10497 |                             llvmlite.ir
import time:       826 |      11323 |                           llvmlite.binding.typeref
import time:      1281 |      12604 |                         llvmlite.binding.value
import time:       494 |        494 |                         llvmlite.binding.context
import time:       654 |      13750 |                       llvmlite.binding.module
import time:       294 |        294 |                       llvmlite.binding.options
import time:      1279 |       1279 |                       llvmlite.binding.newpassmanagers
import time:       599 |        599 |                       llvmlite.binding.analysis
import time:      1040 |       1040 |                       llvmlite.binding.orcjit
import time:       941 |     105812 |                     llvmlite.binding
import time:      1115 |     124107 |                   numba.core.config
import time:       159 |        159 |                     colorama
import time:      1036 |       1195 |                   numba.core.errors
import time:       795 |        795 |                             numba.core.utils
import time:       981 |        981 |                             numba.core.types.abstract
import time:       229 |        229 |                               numba.core.types.common
import time:       646 |        646 |                                   numba.core.typeconv.castgraph
import time:       251 |        897 |                                 numba.core.typeconv
import time:       396 |        396 |                                   numba.core.consts
import time:      2702 |       3098 |                                 numba.core.ir
import time:       660 |       4654 |                               numba.core.types.misc
import time:      1097 |       5979 |                             numba.core.types.containers
import time:      1054 |       1054 |                             numba.core.types.functions
import time:       383 |        383 |                             numba.core.types.iterators
import time:       765 |        765 |                             numba.core.types.npytypes
import time:       506 |        506 |                             numba.core.types.scalars
import time:       543 |        543 |                             numba.core.types.function_type
import time:       249 |        249 |                                 numba.np
import time:       686 |        686 |                                     numba.core.targetconfig
import time:       545 |        545 |                                     numba.core.cpu_options
import time:       940 |       2170 |                                   numba.core.typing.templates
import time:       278 |        278 |                                   numba.np.npdatetime_helpers
import time:       263 |        263 |                                       numba.core.datamodel.manager
import time:       196 |        196 |                                               numba.core.datamodel.registry
import time:       829 |       1025 |                                             numba.core.datamodel.models
import time:       331 |       1356 |                                           numba.core.debuginfo
import time:       664 |       2020 |                                         numba.core.cgutils
import time:       442 |       2461 |                                       numba.core.datamodel.packer
import time:       316 |       3040 |                                     numba.core.datamodel
import time:        14 |       3054 |                                   numba.core.datamodel.registry
import time:      1132 |       6633 |                                 numba.np.types.datetime
import time:       451 |       7332 |                               numba.np.types
import time:        15 |       7346 |                             numba.np.types.datetime
import time:       548 |      18896 |                           numba.core.types
import time:      3166 |       3166 |                               numba.core.typeconv._typeconv
import time:       475 |       3640 |                             numba.core.typeconv.typeconv
import time:      3210 |       6850 |                           numba.core.typeconv.rules
import time:       726 |        726 |                             numba.np.numpy_support
import time:       563 |       1288 |                           numba.core.typing.typeof
import time:       700 |      27732 |                         numba.core.typing.context
import time:       192 |      27923 |                       numba.core.typing
import time:        16 |      27939 |                     numba.core.typing.typeof
import time:       416 |        416 |                     numba.core.typing.asnumbatype
import time:       261 |      28615 |                   numba.misc.special
import time:       171 |        171 |                       numba.stencils
import time:       558 |        558 |                           numba.core.imputils
import time:      3230 |       3230 |                             numba._helperlib
import time:       561 |        561 |                                 numba.core.itanium_mangler
import time:       482 |       1042 |                               numba.core.funcdesc
import time:       683 |        683 |                               numba.core.generators
import time:      3719 |       3719 |                                 numba._dynfunc
import time:       394 |       4112 |                               numba.core.environment
import time:       858 |        858 |                                 numba.core.controlflow
import time:       698 |       1556 |                               numba.core.analysis
import time:       432 |        432 |                               numba.misc.firstlinefinder
import time:       138 |        138 |                                 coverage
import time:       467 |        604 |                               numba.misc.coverage_support
import time:       981 |       9406 |                             numba.core.lowering
import time:       662 |        662 |                                 numba.cloudpickle.cloudpickle
import time:       372 |       1034 |                               numba.cloudpickle
import time:       307 |       1340 |                             numba.core.serialize
import time:      1237 |      15211 |                           numba.core.pythonapi
import time:       770 |      16538 |                         numba.core.extending
import time:       628 |        628 |                           numba.core.transforms
import time:       365 |        993 |                         numba.core.postproc
import time:       429 |        429 |                           numba.core.rewrites.registry
import time:       191 |        191 |                           numba.core.rewrites.static_getitem
import time:       255 |        255 |                           numba.core.rewrites.static_raise
import time:       416 |        416 |                           numba.core.rewrites.static_binop
import time:       472 |        472 |                           numba.core.rewrites.ir_print
import time:       344 |       2105 |                         numba.core.rewrites
import time:       671 |      20307 |                       numba.core.ir_utils
import time:       329 |        329 |                         numba.core.descriptors
import time:      2975 |       2975 |                             numba._devicearray
import time:      3100 |       6074 |                           numba._dispatcher
import time:       442 |        442 |                             numba.core.tracing
import time:      1018 |       1018 |                               numba.core.byteflow
import time:       226 |        226 |                               numba.core.unsafe
import time:       372 |        372 |                               numba.core.unsafe.eh
import time:       156 |        156 |                                   numba.cpython
import time:       320 |        476 |                                 numba.cpython.unsafe
import time:       427 |        903 |                               numba.cpython.unsafe.tuple
import time:       940 |       3457 |                             numba.core.interpreter
import time:       556 |        556 |                             numba.core.bytecode
import time:       459 |        459 |                                 numba.core.event
import time:       170 |        170 |                                 numba.core.compiler_lock
import time:      1414 |       1414 |                                             numba.core.typeinfer
import time:       685 |        685 |                                             numba.stencils.stencilparfor
import time:      1868 |       1868 |                                             numba.core.typing.npydecl
import time:      1150 |       1150 |                                             numba.parfors.array_analysis
import time:       413 |        413 |                                             numba.parfors.ir_utils
import time:      2026 |       7553 |                                           numba.parfors.parfor
import time:       314 |        314 |                                           numba.core.sigutils
import time:       454 |        454 |                                           numba.parfors.parfor_lowering_utils
import time:      1247 |       9566 |                                         numba.parfors.parfor_lowering
import time:       169 |       9735 |                                       numba.parfors
import time:        15 |       9750 |                                     numba.parfors.parfor
import time:      1737 |      11487 |                                   numba.core.typing.builtins
import time:       514 |        514 |                                   numba.extending
import time:      1318 |      13318 |                                 numba.cpython.builtins
import time:       816 |      14762 |                               numba.core.base
import time:       705 |      15466 |                             numba.core.callconv
import time:       470 |        470 |                               numba.core.callwrapper
import time:      1294 |       1294 |                                   html.entities
import time:       557 |       1850 |                                 html
import time:       414 |        414 |                                 numba.core.llvm_bindings
import time:       347 |        347 |                                       numba.core.runtime.nrtdynmod
import time:      2795 |       2795 |                                       numba.core.runtime._nrt_python
import time:       518 |       3659 |                                     numba.core.runtime.nrt
import time:       230 |       3889 |                                   numba.core.runtime
import time:       866 |       4754 |                                 numba.core.runtime.nrtopt
import time:       450 |        450 |                                 numba.misc.inspection
import time:       851 |        851 |                                 numba.misc.llvm_pass_timings
import time:       979 |       9296 |                               numba.core.codegen
import time:       521 |        521 |                                 numba.core.intrinsics
import time:       555 |       1076 |                               numba.core.externals
import time:       329 |        329 |                               numba.core.fastmathpass
import time:       784 |        784 |                               numba.core.options
import time:       404 |        404 |                               numba.core.entrypoints
import time:       456 |        456 |                               numba.np.ufunc_db
import time:       766 |      13578 |                             numba.core.cpu
import time:      1397 |       1397 |                             numba.core.compiler_machinery
import time:       613 |        613 |                               numba.core.ssa
import time:      1378 |       1990 |                             numba.core.untyped_passes
import time:       291 |        291 |                               numba.core.annotations
import time:       543 |        543 |                               numba.core.annotations.type_annotations
import time:       821 |       1654 |                             numba.core.typed_passes
import time:       680 |        680 |                               numba.core.pylowering
import time:       335 |       1014 |                             numba.core.object_mode_passes
import time:      1000 |      40549 |                           numba.core.compiler
import time:       589 |        589 |                             numba.misc.appdirs
import time:       798 |       1387 |                           numba.core.caching
import time:       885 |      48893 |                         numba.core.dispatcher
import time:       253 |      49475 |                       numba.core.registry
import time:       494 |      70446 |                     numba.stencils.stencil
import time:       421 |      70866 |                   numba.core.decorators
import time:      3386 |       3386 |                       numba.np.ufunc._internal
import time:       652 |        652 |                         numba.np.ufunc.wrappers
import time:       391 |        391 |                           numba.core.target_extension
import time:       226 |        226 |                           numba.np.ufunc.sigparse
import time:       602 |       1219 |                         numba.np.ufunc.ufuncbuilder
import time:       909 |       2779 |                       numba.np.ufunc.parallel
import time:       549 |        549 |                         numba.np.ufunc.ufunc_base
import time:       545 |       1094 |                       numba.np.ufunc.dufunc
import time:       389 |        389 |                       numba.np.ufunc.gufunc
import time:       616 |       8262 |                     numba.np.ufunc.decorators
import time:       415 |        415 |                     numba.np.ufunc.array_exprs
import time:       340 |       9016 |                   numba.np.ufunc
import time:       295 |        295 |                       numba.experimental.jitclass.decorators
import time:      3137 |       3137 |                         numba.experimental.jitclass._box
import time:       536 |       3672 |                       numba.experimental.jitclass.boxing
import time:      1656 |       1656 |                       numba.experimental.jitclass.overloads
import time:       420 |       6042 |                     numba.experimental.jitclass
import time:       234 |       6275 |                   numba.experimental
import time:       804 |        804 |                   numba.core.withcontexts
import time:       304 |        304 |                   numba.typed
import time:      8952 |     253751 |                 numba
import time:       598 |        598 |                     librosa.util
import time:       102 |        102 |                       annotationlib
import time:       614 |        715 |                     decorator
import time:       524 |       1836 |                   librosa.util.decorators
import time:       670 |       2505 |                 librosa.core.fft
import time:       401 |        401 |                         msgpack.exceptions
import time:       655 |        655 |                         msgpack.ext
import time:      3164 |       3164 |                         msgpack._cmsgpack
import time:       525 |       4744 |                       msgpack
import time:       356 |        356 |                             joblib._multiprocessing_helpers
import time:       229 |        229 |                               joblib.externals
import time:       543 |        543 |                               joblib.externals.loky._base
import time:       620 |        620 |                                   multiprocessing.synchronize
import time:       509 |        509 |                                     ctypes.wintypes
import time:       986 |        986 |                                       multiprocessing.queues
import time:       483 |       1468 |                                     concurrent.futures.process
import time:       319 |        319 |                                     joblib.externals.loky.backend.process
import time:       572 |       2866 |                                   joblib.externals.loky.backend.context
import time:       297 |       3783 |                                 joblib.externals.loky.backend
import time:        18 |       3800 |                               joblib.externals.loky.backend.context
import time:       336 |        336 |                                 joblib.externals.loky.backend._posix_reduction
import time:       824 |        824 |                                   cloudpickle.cloudpickle
import time:       519 |       1343 |                                 cloudpickle
import time:       491 |       2169 |                               joblib.externals.loky.backend.reduction
import time:        50 |         50 |                                   faulthandler
import time:       393 |        393 |                                   joblib.externals.loky.backend.queues
import time:      1012 |       1012 |                                       psutil._common
import time:      1355 |       1355 |                                       psutil._ntuples
import time:      3113 |       3113 |                                           psutil._psutil_osx
import time:       691 |       3803 |                                         psutil._psposix
import time:      1109 |       4912 |                                       psutil._psosx
import time:       929 |       8206 |                                     psutil
import time:       437 |       8642 |                                   joblib.externals.loky.backend.utils
import time:       669 |        669 |                                   joblib.externals.loky.initializers
import time:       842 |      10595 |                                 joblib.externals.loky.process_executor
import time:       318 |      10913 |                               joblib.externals.loky.reusable_executor
import time:       367 |        367 |                               joblib.externals.loky.cloudpickle_wrapper
import time:       645 |      18662 |                             joblib.externals.loky
import time:       347 |      19364 |                           joblib._cloudpickle_wrapper
import time:       620 |        620 |                             joblib._utils
import time:       960 |        960 |                             multiprocessing.pool
import time:       396 |        396 |                                 joblib.backports
import time:       207 |        207 |                                 joblib.disk
import time:       100 |        100 |                                       runpy
import time:       292 |        391 |                                     multiprocessing.spawn
import time:        17 |         17 |                                     _posixshmem
import time:       276 |        276 |                                     multiprocessing.resource_tracker
import time:       437 |       1120 |                                   joblib.externals.loky.backend.stdlib_py314_resource_tracker
import time:       574 |        574 |                                   joblib.externals.loky.backend.spawn
import time:       367 |       2060 |                                 joblib.externals.loky.backend.resource_tracker
import time:       165 |        165 |                                     lz4
import time:       582 |        747 |                                   joblib.compressor
import time:       273 |        273 |                                     joblib.numpy_pickle_utils
import time:       401 |        674 |                                   joblib.numpy_pickle_compat
import time:       473 |       1894 |                                 joblib.numpy_pickle
import time:       449 |       5004 |                               joblib._memmapping_reducer
import time:       358 |       5362 |                             joblib.executor
import time:       410 |        410 |                             joblib.pool
import time:       774 |       8124 |                           joblib._parallel_backends
import time:       311 |        311 |                             joblib.logger
import time:       551 |        861 |                           joblib._store_backends
import time:       300 |        300 |                           joblib.hashing
import time:       508 |        508 |                             joblib.func_inspect
import time:       582 |       1089 |                           joblib.memory
import time:      1094 |       1094 |                           joblib.parallel
import time:       343 |      31173 |                         joblib
import time:       466 |      31638 |                       librosa._cache
import time:       732 |        732 |                       librosa._typing
import time:       438 |        438 |                             shlex
import time:        94 |         94 |                               xxhash
import time:       331 |        424 |                             pooch.hashes
import time:       623 |        623 |                               pooch.typing
import time:       503 |       1126 |                             pooch.utils
import time:       589 |        589 |                               ftplib
import time:       446 |        446 |                               pooch._version
import time:      1193 |       1193 |                                 tqdm.autonotebook
import time:       340 |        340 |                                 tqdm.asyncio
import time:       293 |       1826 |                               tqdm.auto
import time:        76 |         76 |                               paramiko
import time:       583 |       3518 |                             pooch.downloaders
import time:       799 |       6304 |                           pooch.core
import time:       342 |        342 |                           pooch.processors
import time:       373 |       7017 |                         pooch
import time:       188 |        188 |                         librosa.util.exceptions
import time:      2497 |       9701 |                       librosa.util.files
import time:      1547 |      48360 |                     librosa.core.intervals
import time:      4804 |      53164 |                   librosa.core.notation
import time:     35497 |      88660 |                 librosa.core.convert
import time:       568 |        568 |                 librosa.util.deprecation
import time:       621 |        621 |                     numba.misc.quicksort
import time:       402 |        402 |                     numba.misc.mergesort
import time:       600 |        600 |                     numba.cpython.slicing
import time:       413 |        413 |                           numba.core.unsafe.bytes
import time:       921 |        921 |                           numba.cpython.randomimpl
import time:      1303 |       2636 |                         numba.cpython.hashing
import time:      1363 |       1363 |                         numba.cpython.unicode_support
import time:      2807 |       6805 |                       numba.cpython.unicode
import time:      1919 |       8723 |                     numba.cpython.charseq
import time:      3283 |      13627 |                   numba.np.arrayobj
import time:       832 |        832 |                     numba.np.npdatetime
import time:       363 |        363 |                     numba.np.math
import time:       318 |        318 |                         numba.cpython.unsafe.numbers
import time:       606 |        924 |                       numba.cpython.mathimpl
import time:       452 |       1375 |                     numba.np.math.cmathimpl
import time:       366 |        366 |                     numba.np.math.mathimpl
import time:       308 |        308 |                     numba.np.math.numbers
import time:       939 |       4181 |                   numba.np.npyfuncs
import time:      1673 |      19481 |                 numba.np.npyimpl
import time:      1027 |       1027 |                 numba.cpython.enumimpl
import time:       664 |        664 |                 numba.cpython.heapq
import time:       552 |        552 |                 numba.cpython.iterators
import time:      2024 |       2024 |                 numba.cpython.listobj
import time:       629 |        629 |                   numba.core.optional
import time:      1750 |       2379 |                 numba.cpython.numbers
import time:      1166 |       1166 |                 numba.cpython.rangeobj
import time:      1606 |       1606 |                 numba.cpython.setobj
import time:       643 |        643 |                 numba.cpython.tupleobj
import time:       348 |        348 |                     numba.np.unsafe
import time:      1118 |       1466 |                   numba.np.unsafe.ndarray
import time:      1365 |       2831 |                 numba.core.inline_closurecall
import time:       715 |        715 |                 numba.misc.gdb_hook
import time:       548 |        548 |                 numba.misc.literal
import time:      1845 |       1845 |                 numba.np.linalg
import time:      5187 |       5187 |                 numba.np.arraymath
import time:       676 |        676 |                 numba.np.random
import time:      1619 |       1619 |                 numba.np.random.generator_core
import time:       478 |        478 |                     numba.np.random._constants
import time:       288 |        288 |                     numba.cpython._binomial
import time:      1409 |       2174 |                   numba.np.random.distributions
import time:       776 |        776 |                   numba.np.random.random_methods
import time:      1890 |       4840 |                 numba.np.random.generator_methods
import time:      1922 |       1922 |                 numba.np.random.legacy
import time:       396 |        396 |                 numba.np.polynomial
import time:       691 |        691 |                 numba.np.polynomial.polynomial_core
import time:       689 |        689 |                 numba.np.polynomial.polynomial_functions
import time:       361 |        361 |                 numba.typed.typedobjectutils
import time:       366 |        366 |                     numba.core.typing.ctypes_utils
import time:       324 |        690 |                   numba.core.ccallback
import time:       486 |       1175 |                 numba.experimental.function_type
import time:       632 |        632 |                 numba.np.types.datetime_registry
import time:       381 |        381 |                 numba.cpython.cmathimpl
import time:       164 |        164 |                 numba.cpython.printimpl
import time:       196 |        196 |                 numba.misc.cffiimpl
import time:       314 |        314 |                 numba.experimental.jitclass.base
import time:       285 |        285 |                       cffi.lock
import time:      1069 |       1069 |                       cffi.error
import time:       571 |        571 |                       cffi.model
import time:       592 |       2514 |                     cffi.api
import time:       565 |       3079 |                   cffi
import time:       293 |        293 |                     cffi.commontypes
import time:        30 |         30 |                     cffi._pycparser
import time:      1306 |       1306 |                         pycparser.c_ast
import time:      4215 |       4215 |                         pycparser.c_lexer
import time:       447 |        447 |                         pycparser.ast_transforms
import time:      1460 |       7427 |                       pycparser.c_parser
import time:       255 |       7681 |                     pycparser
import time:      1101 |       9103 |                   cffi.cparser
import time:       684 |      12865 |                 numba.core.typing.cffi_utils
import time:       470 |        470 |                 numba.core.typing.cmathdecl
import time:       231 |        231 |                 numba.core.typing.enumdecl
import time:       557 |        557 |                   numba.core.typing.collections
import time:       481 |       1037 |                 numba.core.typing.listdecl
import time:       872 |        872 |                 numba.core.typing.mathdecl
import time:       510 |        510 |                 numba.core.typing.setdecl
import time:       179 |        179 |                 numba.core.typing.dictdecl
import time:       678 |        678 |                 numba.core.typing.arraydecl
import time:       169 |        169 |                 numba.core.typing.bufproto
import time:       441 |        441 |                     perth.perth_net.perth_net_implicit.config
import time:       328 |        769 |                   perth.perth_net.perth_net_implicit.model
import time:        92 |         92 |                               torchaudio._internal.fb
import time:       189 |        281 |                             torchaudio._internal
import time:       307 |        587 |                           torchaudio._internal.module_utils
import time:       800 |        800 |                           torchaudio._extension.utils
import time:       187 |        187 |                           torchaudio.lib
import time:      3633 |       3633 |                           torchaudio.lib._torchaudio
import time:      9258 |      14464 |                         torchaudio._extension
import time:       437 |        437 |                                     torio._extension.utils
import time:       790 |       1226 |                                   torio._extension
import time:      2244 |       2244 |                                     torio.io._streaming_media_decoder
import time:       924 |        924 |                                     torio.io._streaming_media_encoder
import time:       195 |       3362 |                                   torio.io
import time:      1037 |       1037 |                                     torio.utils.ffmpeg_utils
import time:       286 |       1323 |                                   torio.utils
import time:       504 |       6414 |                                 torio
import time:        15 |       6428 |                               torio.io
import time:       485 |        485 |                               torchaudio.io._effector
import time:       161 |        161 |                               torchaudio.io._playback
import time:       416 |       7488 |                             torchaudio.io
import time:       153 |        153 |                               torchaudio._backend.common
import time:       355 |        507 |                             torchaudio._backend.soundfile_backend
import time:       206 |        206 |                             torchaudio._backend.backend
import time:       379 |        379 |                             torchaudio._backend.ffmpeg
import time:       252 |        252 |                             torchaudio._backend.soundfile
import time:       398 |        398 |                             torchaudio._backend.sox
import time:       714 |       9941 |                           torchaudio._backend.utils
import time:       175 |        175 |                           torio.lib
import time:      4225 |      14341 |                         torchaudio._backend
import time:      1008 |       1008 |                           torchaudio.compliance.kaldi
import time:       245 |       1252 |                         torchaudio.compliance
import time:       218 |        218 |                             torchaudio.datasets.utils
import time:       557 |        775 |                           torchaudio.datasets.cmuarctic
import time:       395 |        395 |                           torchaudio.datasets.cmudict
import time:       307 |        307 |                           torchaudio.datasets.commonvoice
import time:       818 |        818 |                           torchaudio.datasets.dr_vctk
import time:       181 |        181 |                           torchaudio.datasets.fluentcommands
import time:       505 |        505 |                           torchaudio.datasets.gtzan
import time:       377 |        377 |                           torchaudio.datasets.iemocap
import time:       346 |        346 |                             torchaudio.datasets.librispeech
import time:       221 |        567 |                           torchaudio.datasets.librilight_limited
import time:       298 |        298 |                           torchaudio.datasets.librimix
import time:       347 |        347 |                           torchaudio.datasets.librispeech_biasing
import time:       291 |        291 |                           torchaudio.datasets.libritts
import time:       212 |        212 |                           torchaudio.datasets.ljspeech
import time:       255 |        255 |                           torchaudio.datasets.musdb_hq
import time:       231 |        231 |                           torchaudio.datasets.quesst14
import time:       217 |        217 |                           torchaudio.datasets.snips
import time:       319 |        319 |                           torchaudio.datasets.speechcommands
import time:       212 |        212 |                           torchaudio.datasets.tedlium
import time:       187 |        187 |                           torchaudio.datasets.vctk
import time:       436 |        436 |                           torchaudio.datasets.voxceleb1
import time:       193 |        193 |                           torchaudio.datasets.yesno
import time:       488 |       7602 |                         torchaudio.datasets
import time:       509 |        509 |                           torchaudio.functional._alignment
import time:       689 |        689 |                           torchaudio.functional.filtering
import time:       746 |        746 |                           torchaudio.functional.functional
import time:       357 |       2299 |                         torchaudio.functional
import time:       574 |        574 |                         torchaudio.kaldi_io
import time:       677 |        677 |                           torchaudio.models._hdemucs
import time:       320 |        320 |                           torchaudio.models.conformer
import time:       251 |        251 |                           torchaudio.models.conv_tasnet
import time:       176 |        176 |                           torchaudio.models.deepspeech
import time:       518 |        518 |                           torchaudio.models.emformer
import time:       716 |        716 |                           torchaudio.models.rnnt
import time:       658 |        658 |                           torchaudio.models.rnnt_decoder
import time:       678 |        678 |                             torchaudio.models.squim.objective
import time:       250 |        250 |                             torchaudio.models.squim.subjective
import time:       310 |       1237 |                           torchaudio.models.squim
import time:       637 |        637 |                           torchaudio.models.tacotron2
import time:       401 |        401 |                           torchaudio.models.wav2letter
import time:       427 |        427 |                                     torchaudio.models.wav2vec2.wavlm_attention
import time:       927 |       1354 |                                   torchaudio.models.wav2vec2.components
import time:       473 |       1826 |                                 torchaudio.models.wav2vec2.model
import time:       284 |       2109 |                               torchaudio.models.wav2vec2.utils.import_fairseq
import time:       343 |        343 |                               torchaudio.models.wav2vec2.utils.import_huggingface
import time:       480 |       2931 |                             torchaudio.models.wav2vec2.utils
import time:       342 |       3273 |                           torchaudio.models.wav2vec2
import time:       558 |        558 |                           torchaudio.models.wavernn
import time:       549 |       9966 |                         torchaudio.models
import time:       673 |        673 |                           torchaudio.pipelines._source_separation_pipeline
import time:       559 |        559 |                           torchaudio.pipelines._squim_pipeline
import time:       532 |        532 |                                 torchaudio.transforms._multi_channel
import time:       802 |        802 |                                 torchaudio.transforms._transforms
import time:       348 |       1680 |                               torchaudio.transforms
import time:       364 |        364 |                               torchaudio.pipelines._tts.utils
import time:       555 |        555 |                               torchaudio.pipelines._tts.interface
import time:      1684 |       4281 |                             torchaudio.pipelines._tts.impl
import time:       393 |       4674 |                           torchaudio.pipelines._tts
import time:       361 |        361 |                             torchaudio.pipelines._wav2vec2
import time:       368 |        368 |                             torchaudio.pipelines._wav2vec2.aligner
import time:       334 |        334 |                             torchaudio.pipelines._wav2vec2.utils
import time:      1241 |       2302 |                           torchaudio.pipelines._wav2vec2.impl
import time:      1002 |       1002 |                           torchaudio.pipelines.rnnt_pipeline
import time:       397 |       9605 |                         torchaudio.pipelines
import time:       372 |        372 |                                 torchaudio.utils.sox_utils
import time:       266 |        266 |                                 torchaudio.utils.download
import time:       527 |       1165 |                               torchaudio.utils
import time:        20 |       1184 |                             torchaudio.utils.sox_utils
import time:       530 |       1714 |                           torchaudio.sox_effects.sox_effects
import time:       485 |       2198 |                         torchaudio.sox_effects
import time:       352 |        352 |                           torchaudio.backend.common
import time:       188 |        188 |                           torchaudio.backend.no_backend
import time:       230 |        230 |                           torchaudio.backend.soundfile_backend
import time:      1466 |       1466 |                           torchaudio.backend.sox_io_backend
import time:       387 |       2622 |                         torchaudio.backend
import time:       255 |        255 |                         torchaudio.version
import time:       454 |      65627 |                       torchaudio
import time:        16 |      65642 |                     torchaudio.transforms
import time:       709 |        709 |                     perth.perth_net.perth_net_implicit.utils
import time:       339 |      66689 |                   perth.perth_net.perth_net_implicit.audio_processor
import time:       432 |        432 |                   perth.perth_net.perth_net_implicit.checkpoint_manager
import time:       193 |        193 |                   perth.perth_net.perth_net_implicit.model.encoder
import time:       293 |        293 |                   perth.perth_net.perth_net_implicit.model.decoder
import time:       574 |      68949 |                 perth.perth_net.perth_net_implicit.model.perth_net
import time:    207662 |    1499998 |               perth.perth_net.perth_net_implicit.perth_watermarker
import time:       236 |    1545721 |             perth.perth_net
import time:        13 |    1545734 |           perth.perth_net.perth_net_implicit
import time:        14 |    1545747 |         perth.perth_net.perth_net_implicit.perth_watermarker
import time:       357 |    1547187 |       perth
import time:       628 |        628 |       huggingface_hub
import time:       384 |        384 |         httpx.__version__
import time:       583 |        583 |               httpx._exceptions
import time:      2553 |       2553 |                 http.cookiejar
import time:       105 |        105 |                       _winapi
import time:        68 |         68 |                       winreg
import time:       500 |        672 |                     mimetypes
import time:       621 |        621 |                     httpx._types
import time:       361 |        361 |                     httpx._utils
import time:       580 |       2233 |                   httpx._multipart
import time:       568 |       2800 |                 httpx._content
import time:      3936 |       3936 |                     _brotli
import time:       395 |       4330 |                   brotli
import time:       162 |        162 |                   zstandard
import time:       485 |       4977 |                 httpx._decoders
import time:       920 |        920 |                 httpx._status_codes
import time:       334 |        334 |                       idna.idnadata
import time:       332 |        332 |                       idna.intranges
import time:      1042 |       1707 |                     idna.core
import time:       323 |        323 |                     idna.package_data
import time:       919 |       2947 |                   idna
import time:      1112 |       1112 |                   httpx._urlparse
import time:       667 |       4725 |                 httpx._urls
import time:      1786 |      17759 |               httpx._models
import time:       534 |      18875 |             httpx._auth
import time:       646 |        646 |             httpx._config
import time:       599 |        599 |                   httpx._transports.base
import time:       784 |       1382 |                 httpx._transports.asgi
import time:       552 |        552 |                 httpx._transports.default
import time:       444 |        444 |                 httpx._transports.mock
import time:       353 |        353 |                 httpx._transports.wsgi
import time:       473 |       3202 |               httpx._transports
import time:        15 |       3217 |             httpx._transports.base
import time:       847 |      23583 |           httpx._client
import time:       339 |      23922 |         httpx._api
import time:       626 |        626 |                 click._compat
import time:       507 |        507 |                   click.globals
import time:       530 |        530 |                   click.utils
import time:       838 |       1874 |                 click.exceptions
import time:      1398 |       3898 |               click.types
import time:       363 |        363 |               click._utils
import time:       369 |        369 |                 click.parser
import time:      1464 |       1833 |               click.formatting
import time:       404 |        404 |               click.termui
import time:      1515 |       8012 |             click.core
import time:       448 |        448 |             click.decorators
import time:       471 |       8930 |           click
import time:       294 |        294 |             pygments
import time:      1409 |       1409 |             pygments.lexers._mapping
import time:       333 |        333 |             pygments.modeline
import time:       232 |        232 |             pygments.plugin
import time:       619 |        619 |             pygments.util
import time:       612 |       3497 |           pygments.lexers
import time:       369 |        369 |               rich._extension
import time:       525 |        894 |             rich
import time:       424 |        424 |             rich._null_file
import time:       194 |        194 |             rich.errors
import time:       362 |        362 |                     colorsys
import time:       483 |        483 |                         rich.color_triplet
import time:       698 |       1181 |                       rich.palette
import time:     45842 |      47022 |                     rich._palettes
import time:       344 |        344 |                     rich.repr
import time:       927 |        927 |                     rich.terminal_theme
import time:       975 |      49628 |                   rich.color
import time:       618 |      50245 |                 rich.style
import time:       525 |      50769 |               rich.default_styles
import time:       820 |        820 |               rich.theme
import time:       339 |      51927 |             rich.themes
import time:       586 |        586 |             rich._emoji_replace
import time:       317 |        317 |             rich._export_format
import time:       951 |        951 |             rich._fileno
import time:       392 |        392 |                 rich._loop
import time:       242 |        242 |                 rich._pick
import time:       309 |        309 |                       rich._unicode_data._versions
import time:       419 |        728 |                     rich._unicode_data
import time:       822 |       1549 |                   rich.cells
import time:       224 |       1772 |                 rich._wrap
import time:       935 |        935 |                       rich.segment
import time:       400 |       1335 |                     rich.jupyter
import time:       731 |        731 |                       rich.protocol
import time:       706 |       1436 |                     rich.measure
import time:       278 |       3049 |                   rich.constrain
import time:       395 |       3443 |                 rich.align
import time:       571 |        571 |                 rich.containers
import time:       479 |        479 |                 rich.control
import time:       438 |        438 |                 rich.emoji
import time:      1163 |       8497 |               rich.text
import time:       507 |       9004 |             rich._log_render
import time:       461 |        461 |             rich.highlighter
import time:       709 |        709 |             rich.markup
import time:       433 |        433 |             rich.pager
import time:       530 |        530 |             rich.region
import time:       401 |        401 |             rich.screen
import time:       434 |        434 |             rich.styled
import time:      2806 |      70063 |           rich.console
import time:       506 |        506 |             rich.filesize
import time:       762 |        762 |                 rich.ansi
import time:       727 |       1488 |               rich.file_proxy
import time:       347 |        347 |               rich.live_render
import time:       488 |       2322 |             rich.live
import time:       460 |        460 |             rich.progress_bar
import time:       478 |        478 |               rich._spinners
import time:       357 |        357 |                 rich.box
import time:       741 |        741 |                   fractions
import time:       332 |       1072 |                 rich._ratio
import time:       345 |        345 |                 rich.padding
import time:      1495 |       3268 |               rich.table
import time:       323 |       4068 |             rich.spinner
import time:      2000 |       9353 |           rich.progress
import time:       451 |        451 |               pygments.filter
import time:       564 |        564 |                 pygments.token
import time:       531 |       1095 |               pygments.filters
import time:       393 |        393 |               pygments.regexopt
import time:       789 |       2726 |             pygments.lexer
import time:       330 |        330 |             pygments.style
import time:       458 |        458 |               pygments.styles._mapping
import time:       319 |        777 |             pygments.styles
import time:      1215 |       5046 |           rich.syntax
import time:       747 |      97634 |         httpx._main
import time:       379 |     122318 |       httpx
import time:       730 |        730 |       huggingface_hub.constants
import time:       688 |        688 |         huggingface_hub.utils
import time:       189 |        189 |             filelock._error
import time:       170 |        170 |             filelock._util
import time:      2941 |       3299 |           filelock._api
import time:       507 |        507 |             filelock._unix
import time:       407 |        913 |           filelock._descriptor
import time:       565 |        565 |             filelock._identity
import time:       150 |        150 |                 filelock._soft_protocol
import time:       373 |        523 |               filelock._soft
import time:       650 |       1173 |             filelock._marker
import time:      1269 |       3006 |           filelock._lease
import time:      1371 |       1371 |                 _sqlite3
import time:       475 |       1845 |               sqlite3.dbapi2
import time:       341 |       2186 |             sqlite3
import time:       956 |        956 |             filelock._async
import time:       708 |        708 |             filelock._read_write
import time:       582 |       4431 |           filelock._async_read_write
import time:       993 |        993 |                 filelock._soft_rw._protocol
import time:      2794 |       2794 |                   filelock._strict
import time:       431 |       3224 |                 filelock._soft_rw._storage
import time:       892 |       5109 |               filelock._soft_rw._sync
import time:       476 |       5584 |             filelock._soft_rw._async
import time:       462 |       6045 |           filelock._soft_rw
import time:       706 |        706 |           filelock._windows
import time:      1285 |       1285 |           filelock.asyncio
import time:       568 |        568 |           filelock.version
import time:       462 |      20710 |         filelock
import time:      1120 |       1120 |         huggingface_hub.utils._paths
import time:      2530 |      25046 |       huggingface_hub._local_folder
import time:       459 |        459 |       huggingface_hub._revision
import time:      1062 |       1062 |           huggingface_hub.errors
import time:       516 |        516 |           huggingface_hub.utils._lfs
import time:       420 |        420 |           huggingface_hub.utils._typing
import time:      4324 |       6321 |         huggingface_hub.utils._xet
import time:       693 |       7014 |       huggingface_hub._tree_cache
import time:      1386 |       1386 |         configparser
import time:       553 |        553 |         huggingface_hub.utils._oauth_device
import time:       643 |        643 |         huggingface_hub.utils._runtime
import time:       825 |       3407 |       huggingface_hub.utils._auth
import time:       521 |        521 |       huggingface_hub.utils._detect_agent
import time:       844 |        844 |       huggingface_hub.utils._shared_blobs
import time:       587 |        587 |         huggingface_hub.utils.insecure_hashlib
import time:       378 |        964 |       huggingface_hub.utils.sha
import time:       814 |        814 |       huggingface_hub.utils.tqdm
import time:      4772 |       4772 |           safetensors._safetensors_rust
import time:       483 |       5255 |         safetensors
import time:       988 |       6243 |       safetensors.torch
import time:       361 |        361 |         chatterbox.models
import time:       437 |        437 |               transformers.dependency_versions_table
import time:      4418 |       4418 |                           regex._regex
import time:      3785 |       8203 |                         regex._regex_core
import time:        51 |         51 |                         regex.DEFAULT_VERSION
import time:       722 |       8975 |                       regex._main
import time:       363 |       9337 |                     regex
import time:       789 |        789 |                     transformers.utils.doc
import time:       517 |        517 |                       transformers.utils.logging
import time:    122007 |     122007 |                       transformers.utils.import_utils
import time:       355 |        355 |                                     torch.distributed._functional_collectives_impl
import time:       119 |        119 |                                       optree
import time:       595 |        713 |                                     torch.utils._cxx_pytree
import time:      3091 |       4158 |                                   torch.distributed._functional_collectives
import time:     15148 |      15148 |                                   torch.distributed.tensor._collective_utils
import time:      1287 |      20591 |                                 torch.distributed.tensor.placement_types
import time:       868 |      21459 |                               torch.distributed.tensor._dtensor_spec
import time:       108 |        108 |                                   optree
import time:       325 |        432 |                                 torch.utils._cxx_pytree
import time:      1575 |       2007 |                               torch.distributed.tensor._op_schema
import time:       483 |        483 |                                     torch.distributed.tensor._random
import time:       241 |        241 |                                       torch.distributed.tensor.device_mesh
import time:       702 |        942 |                                     torch.distributed.tensor._redistribute
import time:       287 |        287 |                                       torch.distributed.tensor._utils
import time:       590 |        876 |                                     torch.distributed.tensor._sharding_prop
import time:       385 |        385 |                                     torch.distributed.tensor._tp_conv
import time:        86 |         86 |                                       optree
import time:       238 |        323 |                                     torch.utils._cxx_pytree
import time:       544 |       3551 |                                   torch.distributed.tensor._dispatch
import time:       843 |       4393 |                                 torch.distributed.tensor._api
import time:       560 |       4953 |                               torch.distributed.tensor._ops.utils
import time:       573 |      28990 |                             torch.distributed.tensor._ops._conv_ops
import time:      1089 |       1089 |                             torch.distributed.tensor._ops._embedding_ops
import time:       343 |        343 |                             torch.distributed.tensor._ops._experimental_ops
import time:      1233 |       1233 |                             torch.distributed.tensor._ops._math_ops
import time:       892 |        892 |                               torch.distributed.tensor._ops._einsum_strategy
import time:       423 |       1315 |                             torch.distributed.tensor._ops._matrix_ops
import time:      3389 |       3389 |                             torch.distributed.tensor._ops._pointwise_ops
import time:       461 |        461 |                             torch.distributed.tensor._ops._random_ops
import time:       394 |        394 |                               torch.distributed.tensor._ops._common_rules
import time:       544 |        938 |                             torch.distributed.tensor._ops._tensor_ops
import time:      1485 |       1485 |                             torch.distributed.tensor._ops._view_ops
import time:       754 |      39990 |                           torch.distributed.tensor._ops
import time:       501 |      40491 |                         torch.distributed.tensor
import time:       932 |      41423 |                       transformers.model_debugging_utils
import time:      1736 |     165681 |                     transformers.utils.generic
import time:      1329 |     177135 |                   transformers.utils.auto_docstring
import time:       653 |        653 |                       jinja2.bccache
import time:      3146 |       3146 |                           markupsafe._speedups
import time:       537 |       3682 |                         markupsafe
import time:      1940 |       1940 |                           jinja2.utils
import time:      1329 |       3268 |                         jinja2.nodes
import time:       622 |        622 |                           jinja2.exceptions
import time:       295 |        295 |                             jinja2.visitor
import time:       606 |        900 |                           jinja2.idtracking
import time:       277 |        277 |                           jinja2.optimizer
import time:      1269 |       3066 |                         jinja2.compiler
import time:       424 |        424 |                             jinja2.async_utils
import time:       874 |        874 |                             jinja2.runtime
import time:      1309 |       2606 |                           jinja2.filters
import time:       440 |        440 |                           jinja2.tests
import time:       390 |       3435 |                         jinja2.defaults
import time:       730 |        730 |                           jinja2._identifier
import time:      1389 |       2119 |                         jinja2.lexer
import time:       759 |        759 |                         jinja2.parser
import time:      1117 |      17443 |                       jinja2.environment
import time:       784 |        784 |                       jinja2.loaders
import time:       481 |      19360 |                     jinja2
import time:      1029 |       1029 |                     jinja2.ext
import time:       574 |        574 |                     jinja2.sandbox
import time:       305 |        305 |                         PIL._version
import time:       254 |        558 |                       PIL
import time:      2510 |       2510 |                       PIL.ExifTags
import time:       431 |        431 |                       PIL.ImageMode
import time:       909 |        909 |                       PIL.TiffTags
import time:       195 |        195 |                       PIL._binary
import time:       156 |        156 |                       PIL._deprecate
import time:       139 |        139 |                       PIL._util
import time:        88 |         88 |                       defusedxml
import time:      9610 |       9610 |                       PIL._imaging
import time:      1821 |      16414 |                     PIL.Image
import time:      1222 |      38597 |                   transformers.utils.chat_template_utils
import time:       430 |        430 |                   transformers.utils.constants
import time:       731 |        731 |                     huggingface_hub.lfs
import time:       546 |        546 |                           httpcore._models
import time:       234 |        234 |                                   httpcore._backends
import time:       348 |        348 |                                   httpcore._exceptions
import time:       405 |        405 |                                   httpcore._utils
import time:       911 |        911 |                                   httpcore._backends.base
import time:       617 |       2513 |                                 httpcore._backends.sync
import time:       242 |        242 |                                     certifi.core
import time:       257 |        499 |                                   certifi
import time:       287 |        786 |                                 httpcore._ssl
import time:        92 |         92 |                                   trio
import time:       397 |        397 |                                     anyio._lazyimport
import time:      1364 |       1760 |                                   anyio
import time:       480 |       2331 |                                 httpcore._synchronization
import time:       362 |        362 |                                 httpcore._trace
import time:       139 |        139 |                                         h11._abnf
import time:       340 |        340 |                                           h11._util
import time:       523 |        862 |                                         h11._headers
import time:      1843 |       2843 |                                       h11._events
import time:       546 |        546 |                                         h11._receivebuffer
import time:       597 |        597 |                                         h11._state
import time:       786 |       1928 |                                       h11._readers
import time:       611 |        611 |                                       h11._writers
import time:       813 |       6194 |                                     h11._connection
import time:       206 |        206 |                                     h11._version
import time:       283 |       6681 |                                   h11
import time:       351 |        351 |                                   httpcore._sync.interfaces
import time:       583 |       7614 |                                 httpcore._sync.http11
import time:       494 |      14097 |                               httpcore._sync.connection
import time:       385 |        385 |                               httpcore._sync.connection_pool
import time:       404 |        404 |                               httpcore._sync.http_proxy
import time:       142 |        142 |                                   h2
import time:        18 |        159 |                                 h2.config
import time:       368 |        527 |                               httpcore._sync.http2
import time:       131 |        131 |                                 socksio
import time:       371 |        502 |                               httpcore._sync.socks_proxy
import time:       274 |      16186 |                             httpcore._sync
import time:        16 |      16202 |                           httpcore._sync.connection_pool
import time:       821 |      17568 |                         httpcore._api
import time:       149 |        149 |                             httpcore._backends.auto
import time:       409 |        409 |                               httpcore._async.interfaces
import time:       386 |        795 |                             httpcore._async.http11
import time:       381 |       1324 |                           httpcore._async.connection
import time:       350 |        350 |                           httpcore._async.connection_pool
import time:       396 |        396 |                           httpcore._async.http_proxy
import time:        63 |         63 |                               h2
import time:        13 |         75 |                             h2.config
import time:       291 |        366 |                           httpcore._async.http2
import time:       101 |        101 |                             socksio
import time:       179 |        280 |                           httpcore._async.socks_proxy
import time:       272 |       2984 |                         httpcore._async
import time:       560 |        560 |                         httpcore._backends.mock
import time:       405 |        405 |                         httpcore._backends.anyio
import time:        93 |         93 |                           trio
import time:       273 |        365 |                         httpcore._backends.trio
import time:       636 |      22516 |                       httpcore
import time:       642 |        642 |                       huggingface_hub._eval_results
import time:      1398 |       1398 |                       huggingface_hub._inference_endpoints
import time:      3439 |       3439 |                         huggingface_hub._space_api
import time:      2403 |       5841 |                       huggingface_hub._jobs_api
import time:      2124 |       2124 |                       huggingface_hub.community
import time:      1194 |       1194 |                       huggingface_hub.repocard_data
import time:       443 |        443 |                       huggingface_hub.utils._deprecation
import time:       665 |        665 |                       huggingface_hub.utils.endpoint_helpers
import time:     11448 |      46267 |                     huggingface_hub.hf_api
import time:       529 |        529 |                     huggingface_hub.utils._xet_progress_reporting
import time:      4048 |      51574 |                   transformers.utils.hub
import time:       204 |        204 |                   transformers.utils.kernel_config
import time:       381 |        381 |                   transformers.utils.peft_utils
import time:       589 |     268907 |                 transformers.utils
import time:       262 |     269169 |               transformers.utils.versions
import time:      6959 |     276564 |             transformers.dependency_versions_check
import time:       235 |        235 |             transformers.utils.dummy_sentencepiece_and_tokenizers_objects
import time:       221 |        221 |             transformers.utils.dummy_mistral_common_objects
import time:       164 |        164 |             transformers.utils.dummy_torchvision_objects
import time:    545539 |     822720 |           transformers
import time:      1543 |       1543 |               transformers.integrations
import time:       504 |        504 |                 transformers.modeling_flash_attention_utils
import time:       317 |        317 |                 transformers.integrations.npu_flash_attention
import time:       390 |       1210 |               transformers.integrations.flash_attention
import time:        77 |         77 |               kernels
import time:       630 |       3459 |             transformers.integrations.hub_kernels
import time:       587 |       4046 |           transformers.activations
import time:       490 |        490 |                 filecmp
import time:       485 |        974 |               transformers.dynamic_module_utils
import time:       321 |        321 |                 transformers.generation
import time:      1066 |       1066 |                 transformers.generation.logits_process
import time:      1372 |       2758 |               transformers.generation.configuration_utils
import time:      8880 |       8880 |                   tokenizers.tokenizers
import time:       243 |        243 |                       tokenizers.decoders
import time:       209 |        209 |                       tokenizers.models
import time:       279 |        279 |                       tokenizers.normalizers
import time:      1218 |       1218 |                       tokenizers.pre_tokenizers
import time:       233 |        233 |                       tokenizers.processors
import time:       711 |       2891 |                     tokenizers.implementations.base_tokenizer
import time:       584 |        584 |                     tokenizers.implementations.bert_wordpiece
import time:       357 |        357 |                     tokenizers.implementations.byte_level_bpe
import time:       220 |        220 |                     tokenizers.implementations.char_level_bpe
import time:       260 |        260 |                     tokenizers.implementations.sentencepiece_bpe
import time:       361 |        361 |                     tokenizers.implementations.sentencepiece_unigram
import time:       581 |       5251 |                   tokenizers.implementations
import time:       737 |      14867 |                 tokenizers
import time:       775 |        775 |                 transformers.utils.chat_parsing_utils
import time:       921 |        921 |                 transformers.convert_slow_tokenizer
import time:      2903 |      19465 |               transformers.modeling_gguf_pytorch_utils
import time:       507 |        507 |               transformers.modeling_rope_utils
import time:       959 |      24660 |             transformers.configuration_utils
import time:       753 |      25412 |           transformers.cache_utils
import time:       561 |        561 |           transformers.integrations.deepspeed
import time:      3071 |       3071 |             transformers.utils.quantization_config
import time:       328 |       3398 |           transformers.integrations.fsdp
import time:       369 |        369 |             transformers.utils.deprecation
import time:        41 |         41 |                       _lsprof
import time:      1020 |       1020 |                       profile
import time:       385 |       1445 |                     cProfile
import time:      1362 |       1362 |                     pstats
import time:       115 |        115 |                           termios
import time:       364 |        479 |                         getpass
import time:       262 |        262 |                         torch._environment
import time:      1118 |       1118 |                         torch.utils._config_module
import time:      3427 |       5285 |                       torch._dynamo.config
import time:       497 |       5781 |                     torch._dynamo.distributed
import time:       675 |        675 |                                   torch._inductor.custom_graph_pass
import time:      6596 |       7271 |                                 torch._inductor.config
import time:       308 |       7579 |                               torch._inductor
import time:        27 |       7606 |                             torch._inductor.config
import time:      1490 |       9095 |                           torch._functorch.config
import time:       881 |        881 |                             torch.fx.experimental._config
import time:      1170 |       1170 |                             torch.fx.experimental.recording
import time:       408 |        408 |                             torch.utils._ordered_set
import time:       216 |        216 |                               torch.utils._sympy
import time:       434 |        434 |                                   mpmath.usertools
import time:        96 |         96 |                                               gmpy2
import time:        70 |         70 |                                               gmpy
import time:       296 |        462 |                                             mpmath.libmp.backend
import time:       545 |        545 |                                             mpmath.libmp.libintmath
import time:       634 |       1639 |                                           mpmath.libmp.libmpf
import time:       706 |        706 |                                             mpmath.libmp.libelefun
import time:       708 |       1413 |                                           mpmath.libmp.libmpc
import time:       876 |        876 |                                             mpmath.libmp.gammazeta
import time:       485 |       1360 |                                           mpmath.libmp.libhyper
import time:       926 |        926 |                                           mpmath.libmp.libmpi
import time:       494 |       5830 |                                         mpmath.libmp
import time:        18 |       5847 |                                       mpmath.libmp.backend
import time:       665 |        665 |                                           mpmath.functions.functions
import time:       342 |        342 |                                           mpmath.functions.factorials
import time:       576 |        576 |                                           mpmath.functions.hypergeometric
import time:       574 |        574 |                                           mpmath.functions.expintegrals
import time:       528 |        528 |                                           mpmath.functions.bessel
import time:       784 |        784 |                                           mpmath.functions.orthogonal
import time:       355 |        355 |                                           mpmath.functions.theta
import time:       377 |        377 |                                           mpmath.functions.elliptic
import time:       231 |        231 |                                           mpmath.functions.signals
import time:       388 |        388 |                                           mpmath.functions.zeta
import time:       422 |        422 |                                           mpmath.functions.rszeta
import time:       490 |        490 |                                           mpmath.functions.zetazeros
import time:       325 |        325 |                                           mpmath.functions.qfunctions
import time:       566 |       6619 |                                         mpmath.functions
import time:        16 |       6634 |                                       mpmath.functions.functions
import time:       386 |        386 |                                           mpmath.calculus.calculus
import time:       404 |        404 |                                           mpmath.calculus.approximation
import time:       340 |        340 |                                           mpmath.calculus.differentiation
import time:       514 |        514 |                                           mpmath.calculus.extrapolation
import time:       313 |        313 |                                           mpmath.calculus.polynomials
import time:       419 |       2372 |                                         mpmath.calculus
import time:       346 |       2718 |                                       mpmath.calculus.quadrature
import time:       341 |        341 |                                       mpmath.calculus.inverselaplace
import time:       370 |        370 |                                       mpmath.calculus.optimization
import time:       407 |        407 |                                       mpmath.calculus.odes
import time:       426 |        426 |                                           mpmath.matrices.eigen
import time:       592 |        592 |                                           mpmath.matrices.eigen_symmetric
import time:       325 |       1342 |                                         mpmath.matrices
import time:       393 |       1734 |                                       mpmath.matrices.matrices
import time:       236 |        236 |                                       mpmath.matrices.calculus
import time:       464 |        464 |                                       mpmath.matrices.linalg
import time:       350 |        350 |                                       mpmath.identification
import time:       283 |        283 |                                       mpmath.visualization
import time:       636 |      20016 |                                     mpmath.ctx_base
import time:       404 |        404 |                                     mpmath.math2
import time:       472 |        472 |                                     mpmath.function_docs
import time:       389 |      21280 |                                   mpmath.ctx_fp
import time:       290 |        290 |                                     mpmath.rational
import time:      1740 |       1740 |                                     mpmath.ctx_mp_python
import time:       803 |       2832 |                                   mpmath.ctx_mp
import time:       662 |        662 |                                   mpmath.ctx_iv
import time:      1504 |      26711 |                                 mpmath
import time:       478 |        478 |                                 sympy.release
import time:       389 |        389 |                                               sympy.utilities.enumerative
import time:       367 |        367 |                                               sympy.utilities.misc
import time:       500 |        500 |                                                 sympy.utilities.exceptions
import time:       751 |       1251 |                                               sympy.utilities.decorator
import time:       843 |       2849 |                                             sympy.utilities.iterables
import time:       345 |        345 |                                                 sympy.external.importtools
import time:       207 |        551 |                                               sympy.external
import time:       540 |       1090 |                                             sympy.utilities.lambdify
import time:       246 |        246 |                                             sympy.utilities.timeutils
import time:       284 |       4467 |                                           sympy.utilities
import time:        15 |       4482 |                                         sympy.utilities.iterables
import time:       413 |       4895 |                                       sympy.core.random
import time:       324 |        324 |                                         sympy.core.cache
import time:       436 |        760 |                                       sympy.core.parameters
import time:       460 |        460 |                                             sympy.core.logic
import time:       805 |       1264 |                                           sympy.core.facts
import time:       898 |        898 |                                           sympy.core.assumptions_generated
import time:       551 |       2712 |                                         sympy.core.assumptions
import time:       297 |        297 |                                         sympy.core.sorting
import time:       310 |        310 |                                                     sympy.multipledispatch.utils
import time:       346 |        655 |                                                   sympy.multipledispatch.conflict
import time:       340 |        994 |                                                 sympy.multipledispatch.dispatcher
import time:       628 |       1622 |                                               sympy.multipledispatch.core
import time:       296 |       1917 |                                             sympy.multipledispatch
import time:        17 |       1934 |                                           sympy.multipledispatch.dispatcher
import time:       527 |       2460 |                                         sympy.core.kind
import time:       488 |        488 |                                         sympy.core._print_helpers
import time:       281 |        281 |                                           sympy.core.core
import time:       441 |        721 |                                         sympy.core.singleton
import time:       295 |        295 |                                         sympy.core.traversal
import time:       909 |       7880 |                                       sympy.core.basic
import time:       900 |      14434 |                                     sympy.core.sympify
import time:       456 |        456 |                                           sympy.external.pythonmpq
import time:       575 |        575 |                                           sympy.external.ntheory
import time:       177 |        177 |                                           flint
import time:        78 |         78 |                                           gmpy2
import time:       495 |       1781 |                                         sympy.external.gmpy
import time:      1164 |       2944 |                                       sympy.core.evalf
import time:       390 |        390 |                                       sympy.core.decorators
import time:       322 |        322 |                                       sympy.core.intfunc
import time:      1029 |       1029 |                                         sympy.core.operations
import time:       615 |        615 |                                           sympy.core.containers
import time:       674 |        674 |                                               sympy.core.add
import time:       293 |        293 |                                               sympy.core.rules
import time:      1729 |       1729 |                                                     sympy.logic.boolalg
import time:       370 |        370 |                                                     sympy.logic.inference
import time:       354 |       2453 |                                                   sympy.logic
import time:        14 |       2466 |                                                 sympy.logic.boolalg
import time:      1309 |       3775 |                                               sympy.core.symbol
import time:      1124 |       5865 |                                             sympy.core.function
import time:      1354 |       1354 |                                             sympy.core.relational
import time:       889 |       8107 |                                           sympy.core.power
import time:      2708 |      11429 |                                         sympy.core.numbers
import time:      1074 |      13530 |                                       sympy.core.mul
import time:       168 |        168 |                                           sympy.core.coreerrors
import time:       547 |        714 |                                         sympy.core.exprtools
import time:       434 |       1148 |                                       sympy.core.mod
import time:      1271 |      19603 |                                     sympy.core.expr
import time:       327 |        327 |                                     sympy.core.multidimensional
import time:       378 |      34740 |                                   sympy.core
import time:        15 |      34754 |                                 sympy.core.cache
import time:       165 |        165 |                                     sympy.utilities.source
import time:       677 |        841 |                                   sympy.assumptions.assume
import time:       478 |        478 |                                     sympy.assumptions.cnf
import time:       306 |        306 |                                     sympy.assumptions.ask_generated
import time:       614 |       1397 |                                   sympy.assumptions.ask
import time:       305 |        305 |                                   sympy.assumptions.refine
import time:       607 |        607 |                                     sympy.assumptions.relation.binrel
import time:       272 |        878 |                                   sympy.assumptions.relation
import time:       220 |       3639 |                                 sympy.assumptions
import time:       616 |        616 |                                       sympy.polys.polyerrors
import time:      1108 |       1724 |                                     sympy.polys.polyoptions
import time:       322 |        322 |                                           sympy.polys.domains.domainelement
import time:       437 |        437 |                                           sympy.polys.orderings
import time:       543 |        543 |                                             sympy.polys.domains.modularinteger
import time:       469 |       1012 |                                           sympy.polys.polyutils
import time:       771 |       2541 |                                         sympy.polys.domains.domain
import time:       282 |        282 |                                             sympy.polys.domains.ring
import time:       516 |        797 |                                           sympy.polys.domains.field
import time:       689 |        689 |                                           sympy.polys.domains.simpledomain
import time:       479 |        479 |                                             sympy.polys.polyconfig
import time:       471 |        950 |                                           sympy.polys.galoistools
import time:       219 |        219 |                                             sympy.polys.domains.pythonrational
import time:       352 |        570 |                                           sympy.polys.domains.groundtypes
import time:       399 |       3404 |                                         sympy.polys.domains.finitefield
import time:       331 |        331 |                                           sympy.polys.domains.characteristiczero
import time:       287 |        617 |                                         sympy.polys.domains.integerring
import time:       261 |        261 |                                         sympy.polys.domains.rationalfield
import time:       563 |        563 |                                               sympy.polys.monomials
import time:       657 |       1220 |                                             sympy.polys.densebasic
import time:       547 |        547 |                                             sympy.polys.densearith
import time:       344 |        344 |                                             sympy.polys.densetools
import time:       412 |        412 |                                             sympy.polys.euclidtools
import time:       297 |        297 |                                             sympy.polys.sqfreetools
import time:       582 |        582 |                                             sympy.polys.factortools
import time:       655 |        655 |                                             sympy.polys.rootisolation
import time:      1562 |       5615 |                                           sympy.polys.polyclasses
import time:       388 |       6003 |                                         sympy.polys.domains.algebraicfield
import time:       547 |        547 |                                         sympy.polys.domains.gaussiandomains
import time:       283 |        283 |                                           sympy.polys.domains.mpelements
import time:       702 |        984 |                                         sympy.polys.domains.realfield
import time:       262 |        262 |                                         sympy.polys.domains.complexfield
import time:       307 |        307 |                                           sympy.polys.domains.compositedomain
import time:       292 |        599 |                                         sympy.polys.domains.polynomialring
import time:       315 |        315 |                                         sympy.polys.domains.fractionfield
import time:       463 |        463 |                                         sympy.polys.domains.expressiondomain
import time:       244 |        244 |                                         sympy.polys.domains.expressionrawdomain
import time:       291 |        291 |                                           sympy.polys.domains.pythonintegerring
import time:       297 |        587 |                                         sympy.polys.domains.pythonfinitefield
import time:       290 |        290 |                                           sympy.polys.domains.gmpyintegerring
import time:       385 |        674 |                                         sympy.polys.domains.gmpyfinitefield
import time:       156 |        156 |                                         sympy.polys.domains.pythonrationalfield
import time:       198 |        198 |                                         sympy.polys.domains.gmpyrationalfield
import time:       781 |      18629 |                                       sympy.polys.domains
import time:       720 |      19348 |                                     sympy.polys.constructor
import time:       313 |        313 |                                     sympy.polys.fglmtools
import time:       387 |        387 |                                     sympy.polys.groebnertools
import time:       133 |        133 |                                     sympy.polys.rationaltools
import time:      1404 |      23307 |                                   sympy.polys.polytools
import time:       284 |        284 |                                           sympy.ntheory.primetest
import time:       450 |        733 |                                         sympy.ntheory.generate
import time:       262 |        262 |                                           sympy.ntheory.digits
import time:       174 |        174 |                                           sympy.ntheory.ecm
import time:       619 |       1054 |                                         sympy.ntheory.factor_
import time:       220 |        220 |                                             sympy.ntheory.modular
import time:       328 |        328 |                                             sympy.utilities.memoization
import time:       561 |       1108 |                                           sympy.ntheory.residue_ntheory
import time:       167 |       1275 |                                         sympy.ntheory.partitions_
import time:       254 |        254 |                                         sympy.ntheory.multinomial
import time:       135 |        135 |                                         sympy.ntheory.continued_fraction
import time:       206 |        206 |                                         sympy.ntheory.egyptian_fraction
import time:       331 |        331 |                                         sympy.ntheory.qs
import time:       235 |       4220 |                                       sympy.ntheory
import time:       732 |        732 |                                         sympy.polys.compatibility
import time:       245 |        245 |                                         sympy.polys.heuristicgcd
import time:       398 |        398 |                                                 sympy.printing.conventions
import time:       256 |        256 |                                                 sympy.printing.precedence
import time:       259 |        259 |                                                 sympy.printing.printer
import time:       529 |        529 |                                                 sympy.printing.str
import time:       235 |        235 |                                                     sympy.core.alphabets
import time:      3007 |       3241 |                                                   sympy.printing.pretty.pretty_symbology
import time:       795 |       4036 |                                                 sympy.printing.pretty.stringpict
import time:       971 |       6446 |                                               sympy.printing.pretty.pretty
import time:       311 |       6756 |                                             sympy.printing.pretty
import time:      1481 |       1481 |                                             sympy.printing.latex
import time:       677 |        677 |                                             sympy.printing.mathml
import time:     57017 |      57017 |                                               sympy.printing.repr
import time:       363 |      57379 |                                             sympy.printing.python
import time:       347 |        347 |                                                         sympy.functions.combinatorial
import time:      1004 |       1350 |                                                       sympy.functions.combinatorial.factorials
import time:       287 |        287 |                                                           sympy.functions.elementary
import time:       979 |        979 |                                                             sympy.functions.elementary.miscellaneous
import time:       861 |        861 |                                                             sympy.functions.elementary.piecewise
import time:      1163 |       3002 |                                                           sympy.functions.elementary.complexes
import time:      1210 |       4499 |                                                         sympy.functions.elementary.exponential
import time:       451 |        451 |                                                         sympy.polys.appellseqs
import time:      2477 |       7425 |                                                       sympy.functions.combinatorial.numbers
import time:       911 |        911 |                                                         sympy.functions.elementary.integers
import time:       331 |        331 |                                                         sympy.functions.elementary._trigonometric_special
import time:      1898 |       3139 |                                                       sympy.functions.elementary.trigonometric
import time:      1286 |       1286 |                                                       sympy.functions.elementary.hyperbolic
import time:       260 |        260 |                                                         sympy.functions.special
import time:      1356 |       1356 |                                                         sympy.functions.special.hyper
import time:      1598 |       3213 |                                                       sympy.functions.special.error_functions
import time:       715 |        715 |                                                         sympy.functions.special.zeta_functions
import time:       924 |       1638 |                                                       sympy.functions.special.gamma_functions
import time:       939 |        939 |                                                       sympy.functions.special.tensor_functions
import time:       652 |        652 |                                                             sympy.polys.polyquinticconst
import time:       532 |       1183 |                                                           sympy.polys.polyroots
import time:       554 |       1737 |                                                         sympy.functions.special.delta_functions
import time:       404 |       2141 |                                                       sympy.functions.special.singularity_functions
import time:      1328 |       1328 |                                                             sympy.sets.sets
import time:       918 |        918 |                                                             sympy.sets.fancysets
import time:       379 |        379 |                                                             sympy.sets.contains
import time:       378 |        378 |                                                             sympy.sets.conditionset
import time:       466 |        466 |                                                             sympy.sets.ordinals
import time:       331 |        331 |                                                             sympy.sets.powerset
import time:       133 |        133 |                                                               sympy.sets.handlers
import time:      1248 |       1380 |                                                             sympy.sets.handlers.comparison
import time:       348 |       5527 |                                                           sympy.sets
import time:        14 |       5540 |                                                         sympy.sets.sets
import time:       391 |       5931 |                                                       sympy.functions.special.bsplines
import time:       334 |        334 |                                                         sympy.polys.orthopolys
import time:      1584 |       1917 |                                                       sympy.functions.special.bessel
import time:      1044 |       1044 |                                                       sympy.functions.special.polynomials
import time:       580 |        580 |                                                       sympy.functions.special.spherical_harmonics
import time:       521 |        521 |                                                       sympy.functions.special.elliptic_integrals
import time:       555 |        555 |                                                       sympy.functions.special.beta_functions
import time:       549 |        549 |                                                       sympy.functions.special.mathieu_functions
import time:       705 |      32927 |                                                     sympy.functions
import time:        14 |      32940 |                                                   sympy.functions.elementary
import time:        18 |      32958 |                                                 sympy.functions.elementary.complexes
import time:       559 |      33516 |                                               sympy.printing.codeprinter
import time:       853 |      34368 |                                             sympy.printing.pycode
import time:       626 |        626 |                                               sympy.assumptions.relation.equality
import time:       557 |       1182 |                                             sympy.printing.smtlib
import time:       438 |        438 |                                             sympy.printing.glsl
import time:       392 |        392 |                                             sympy.printing.rcode
import time:       194 |        194 |                                             sympy.printing.jscode
import time:       409 |        409 |                                             sympy.printing.julia
import time:       406 |        406 |                                             sympy.printing.mathematica
import time:       485 |        485 |                                             sympy.printing.octave
import time:       380 |        380 |                                             sympy.printing.rust
import time:       264 |        264 |                                               sympy.utilities.mathml
import time:       292 |        555 |                                             sympy.printing.gtk
import time:       312 |        312 |                                             sympy.printing.preview
import time:       174 |        174 |                                             sympy.printing.tree
import time:       201 |        201 |                                             sympy.printing.tableform
import time:       150 |        150 |                                             sympy.printing.dot
import time:       345 |        345 |                                             sympy.printing.maple
import time:       456 |     106730 |                                           sympy.printing
import time:       272 |     107001 |                                         sympy.printing.defaults
import time:       297 |        297 |                                         sympy.utilities.magic
import time:      1304 |     109578 |                                       sympy.polys.rings
import time:       481 |     114278 |                                     sympy.polys.specialpolys
import time:       363 |     114640 |                                   sympy.polys.polyfuncs
import time:       470 |        470 |                                       sympy.polys.ring_series
import time:      1178 |       1178 |                                       sympy.polys.rootoftools
import time:       425 |       2072 |                                     sympy.polys.numberfields.minpoly
import time:       283 |        283 |                                     sympy.polys.numberfields.subfield
import time:       287 |        287 |                                             sympy.polys.matrices.exceptions
import time:       376 |        376 |                                             sympy.polys.matrices.domainscalar
import time:       192 |        192 |                                                 sympy.polys.matrices._typing
import time:       361 |        553 |                                               sympy.polys.matrices.dense
import time:       373 |        373 |                                               sympy.polys.matrices.lll
import time:      1087 |       1087 |                                               sympy.polys.matrices.sdm
import time:       387 |        387 |                                               sympy.polys.matrices.dfm
import time:       547 |       2945 |                                             sympy.polys.matrices.ddm
import time:       319 |        319 |                                             sympy.polys.matrices.rref
import time:       649 |       4574 |                                           sympy.polys.matrices.domainmatrix
import time:       149 |       4723 |                                         sympy.polys.matrices
import time:        19 |       4741 |                                       sympy.polys.matrices.exceptions
import time:       676 |        676 |                                         sympy.printing.numpy
import time:       376 |       1051 |                                       sympy.printing.lambdarepr
import time:       297 |       6089 |                                     sympy.polys.numberfields.utilities
import time:       355 |        355 |                                         sympy.polys.matrices.normalforms
import time:       271 |        271 |                                         sympy.polys.numberfields.exceptions
import time:       741 |       1366 |                                       sympy.polys.numberfields.modules
import time:       348 |       1713 |                                     sympy.polys.numberfields.basis
import time:       515 |        515 |                                     sympy.polys.numberfields.primes
import time:       311 |        311 |                                       sympy.polys.numberfields.galois_resolvents
import time:       386 |        696 |                                     sympy.polys.numberfields.galoisgroups
import time:       550 |      11915 |                                   sympy.polys.numberfields
import time:       348 |        348 |                                       sympy.matrices.exceptions
import time:       300 |        300 |                                       sympy.matrices.kind
import time:       179 |        179 |                                           sympy.matrices.utilities
import time:       338 |        338 |                                           sympy.matrices.determinant
import time:       452 |        968 |                                         sympy.matrices.decompositions
import time:       723 |        723 |                                               sympy.tensor.indexed
import time:       373 |        373 |                                               sympy.tensor.index_methods
import time:       298 |        298 |                                               sympy.tensor.functions
import time:       290 |        290 |                                                     sympy.tensor.array.ndim_array
import time:       205 |        495 |                                                   sympy.tensor.array.mutable_ndim_array
import time:       455 |        949 |                                                 sympy.tensor.array.dense_ndim_array
import time:       407 |        407 |                                                 sympy.tensor.array.sparse_ndim_array
import time:       195 |        195 |                                                 sympy.tensor.array.arrayop
import time:       239 |        239 |                                                 sympy.tensor.array.array_comprehension
import time:       282 |       2070 |                                               sympy.tensor.array
import time:       326 |       3789 |                                             sympy.tensor
import time:        13 |       3801 |                                           sympy.tensor.array
import time:       329 |        329 |                                           sympy.matrices.reductions
import time:       183 |        183 |                                                         sympy.polys.agca.ideals
import time:       556 |        739 |                                                       sympy.polys.agca.modules
import time:       386 |       1125 |                                                     sympy.polys.agca.homomorphisms
import time:       235 |       1359 |                                                   sympy.polys.agca
import time:       243 |       1602 |                                                 sympy.polys.agca.extensions
import time:       347 |       1948 |                                               sympy.polys.matrices.eigen
import time:       248 |       2196 |                                             sympy.matrices.eigen
import time:       199 |       2395 |                                           sympy.matrices.solvers
import time:       167 |        167 |                                           sympy.matrices.inverse
import time:       240 |        240 |                                           sympy.matrices.subspaces
import time:       239 |        239 |                                           sympy.matrices.graph
import time:      1492 |       8660 |                                         sympy.matrices.matrixbase
import time:       535 |        535 |                                         sympy.matrices.repmatrix
import time:      1389 |      11551 |                                       sympy.matrices.dense
import time:       343 |        343 |                                       sympy.matrices.sparse
import time:       518 |        518 |                                       sympy.matrices.sparsetools
import time:       213 |        213 |                                                     sympy.strategies.util
import time:       385 |        598 |                                                   sympy.strategies.rl
import time:       250 |        250 |                                                     sympy.strategies.core
import time:       310 |        560 |                                                   sympy.strategies.traverse
import time:       210 |        210 |                                                   sympy.strategies.tools
import time:       215 |        215 |                                                       sympy.strategies.branch.core
import time:       381 |        595 |                                                     sympy.strategies.branch.traverse
import time:       185 |        185 |                                                     sympy.strategies.branch.tools
import time:       253 |       1032 |                                                   sympy.strategies.branch
import time:       409 |       2805 |                                                 sympy.strategies
import time:       285 |        285 |                                                 sympy.matrices.expressions._shape
import time:      1090 |       1090 |                                                     sympy.matrices.expressions.special
import time:       229 |       1319 |                                                   sympy.matrices.expressions.matpow
import time:       430 |       1748 |                                                 sympy.matrices.expressions.inverse
import time:       385 |        385 |                                                 sympy.matrices.expressions.transpose
import time:       257 |        257 |                                                 sympy.matrices.expressions.permutation
import time:       748 |       6225 |                                               sympy.matrices.expressions.matmul
import time:       399 |        399 |                                               sympy.matrices.expressions.matadd
import time:       366 |        366 |                                               sympy.matrices.expressions.determinant
import time:      1340 |       8329 |                                             sympy.matrices.expressions.matexpr
import time:       576 |       8905 |                                           sympy.matrices.expressions.slice
import time:       665 |        665 |                                             sympy.matrices.expressions.trace
import time:       533 |       1198 |                                           sympy.matrices.expressions.blockmatrix
import time:       323 |        323 |                                           sympy.matrices.expressions.companion
import time:       377 |        377 |                                           sympy.matrices.expressions.funcmatrix
import time:       319 |        319 |                                           sympy.matrices.expressions.adjoint
import time:       372 |        372 |                                           sympy.matrices.expressions.hadamard
import time:       470 |        470 |                                           sympy.matrices.expressions.diagonal
import time:       310 |        310 |                                           sympy.matrices.expressions.dotproduct
import time:       413 |        413 |                                           sympy.matrices.expressions.kronecker
import time:       398 |        398 |                                           sympy.matrices.expressions.sets
import time:       628 |      13709 |                                         sympy.matrices.expressions
import time:       780 |      14488 |                                       sympy.matrices.immutable
import time:       425 |      27970 |                                     sympy.matrices
import time:       435 |      28405 |                                   sympy.polys.partfrac
import time:       461 |        461 |                                   sympy.polys.fields
import time:       897 |     179622 |                                 sympy.polys
import time:       681 |        681 |                                   sympy.series.order
import time:       409 |        409 |                                         sympy.calculus.euler
import time:       269 |        269 |                                         sympy.calculus.singularities
import time:       249 |        249 |                                         sympy.calculus.finite_diff
import time:       593 |        593 |                                           sympy.calculus.accumulationbounds
import time:       465 |       1057 |                                         sympy.calculus.util
import time:       284 |       2267 |                                       sympy.calculus
import time:        14 |       2280 |                                     sympy.calculus.accumulationbounds
import time:       472 |        472 |                                     sympy.series.gruntz
import time:       366 |       3117 |                                   sympy.series.limits
import time:       206 |        206 |                                   sympy.series.series
import time:       250 |        250 |                                   sympy.series.approximants
import time:       230 |        230 |                                   sympy.series.residues
import time:       793 |        793 |                                   sympy.series.sequences
import time:       326 |        326 |                                     sympy.series.series_class
import time:       518 |        843 |                                   sympy.series.fourier
import time:       368 |        368 |                                         sympy.discrete.transforms
import time:       470 |        470 |                                         sympy.discrete.convolutions
import time:       415 |       1252 |                                       sympy.discrete
import time:        13 |       1264 |                                     sympy.discrete.convolutions
import time:       803 |       2067 |                                   sympy.series.formal
import time:       320 |        320 |                                   sympy.series.limitseq
import time:       377 |       8879 |                                 sympy.series
import time:       332 |        332 |                                       sympy.concrete.expr_with_limits
import time:       333 |        664 |                                     sympy.concrete.expr_with_intlimits
import time:       348 |        348 |                                       sympy.concrete.gosper
import time:       282 |        282 |                                             sympy.integrals.rationaltools
import time:       427 |        427 |                                             sympy.integrals.deltafunctions
import time:       597 |        597 |                                             sympy.integrals.meijerint
import time:       288 |        288 |                                             sympy.integrals.trigonometry
import time:       609 |       2202 |                                           sympy.integrals.integrals
import time:       218 |        218 |                                                   sympy.polys.domainmatrix
import time:       350 |        567 |                                                 sympy.polys.solvers
import time:       364 |        930 |                                               sympy.polys.matrices.linsolve
import time:       871 |       1801 |                                             sympy.integrals.laplace
import time:      1104 |       2904 |                                           sympy.integrals.transforms
import time:       519 |        519 |                                           sympy.integrals.singularityfunctions
import time:       255 |       5878 |                                         sympy.integrals
import time:        15 |       5893 |                                       sympy.integrals.integrals
import time:       691 |       6931 |                                     sympy.concrete.summations
import time:       499 |       8094 |                                   sympy.concrete.products
import time:       227 |       8320 |                                 sympy.concrete
import time:       406 |        406 |                                       sympy.simplify.gammasimp
import time:       443 |        849 |                                     sympy.simplify.combsimp
import time:       129 |        129 |                                     sympy.simplify.cse_opts
import time:       400 |        400 |                                       sympy.simplify.powsimp
import time:       827 |       1226 |                                     sympy.simplify.hyperexpand
import time:       261 |        261 |                                       sympy.simplify.sqrtdenest
import time:       418 |        679 |                                     sympy.simplify.radsimp
import time:       411 |        411 |                                       sympy.simplify.cse_main
import time:       233 |        233 |                                       sympy.strategies.tree
import time:       464 |       1107 |                                     sympy.simplify.trigsimp
import time:      1133 |       5120 |                                   sympy.simplify.simplify
import time:       464 |        464 |                                   sympy.simplify.fu
import time:       275 |        275 |                                   sympy.simplify.epathtools
import time:       490 |        490 |                                   sympy.simplify.ratsimp
import time:       342 |       6689 |                                 sympy.simplify
import time:       404 |        404 |                                     sympy.solvers.polysys
import time:       342 |        342 |                                     sympy.solvers.bivariate
import time:      1321 |       2067 |                                   sympy.solvers.solvers
import time:       744 |        744 |                                       sympy.solvers.solveset
import time:       791 |       1535 |                                     sympy.solvers.diophantine.diophantine
import time:       230 |       1764 |                                   sympy.solvers.diophantine
import time:       445 |        445 |                                   sympy.solvers.recurr
import time:       324 |        324 |                                       sympy.solvers.deutils
import time:       379 |        379 |                                         sympy.solvers.ode.riccati
import time:       292 |        292 |                                         sympy.solvers.ode.hypergeometric
import time:       271 |        271 |                                           sympy.solvers.ode.subscheck
import time:       311 |        582 |                                         sympy.solvers.ode.nonhomogeneous
import time:       384 |        384 |                                           sympy.solvers.pde
import time:       444 |        828 |                                         sympy.solvers.ode.lie_group
import time:      1034 |       3112 |                                       sympy.solvers.ode.single
import time:       898 |       4332 |                                     sympy.solvers.ode.ode
import time:       662 |        662 |                                     sympy.solvers.ode.systems
import time:       336 |       5329 |                                   sympy.solvers.ode
import time:       453 |        453 |                                   sympy.solvers.inequalities
import time:       321 |        321 |                                   sympy.solvers.decompogen
import time:       433 |        433 |                                   sympy.solvers.simplex
import time:       644 |      11452 |                                 sympy.solvers
import time:       213 |        213 |                                     sympy.geometry.exceptions
import time:      3157 |       3157 |                                       sympy.sets.handlers.intersection
import time:      1472 |       1472 |                                       sympy.sets.handlers.union
import time:      1343 |       5970 |                                     sympy.geometry.entity
import time:       695 |       6877 |                                   sympy.geometry.point
import time:       535 |        535 |                                     sympy.geometry.util
import time:      1356 |       1891 |                                   sympy.geometry.line
import time:       411 |        411 |                                   sympy.geometry.plane
import time:       686 |        686 |                                     sympy.geometry.polygon
import time:       541 |       1226 |                                   sympy.geometry.ellipse
import time:       376 |        376 |                                   sympy.geometry.curve
import time:       270 |        270 |                                   sympy.geometry.parabola
import time:       371 |      11419 |                                 sympy.geometry
import time:       758 |        758 |                                   sympy.parsing.sympy_parser
import time:       296 |       1053 |                                 sympy.parsing
import time:       699 |        699 |                                   sympy.algebras.quaternion
import time:       276 |        974 |                                 sympy.algebras
import time:       249 |        249 |                                       sympy.plotting.backends
import time:       326 |        326 |                                         sympy.plotting.utils
import time:       250 |        250 |                                             sympy.plotting.intervalmath.interval_membership
import time:       305 |        555 |                                           sympy.plotting.intervalmath.interval_arithmetic
import time:       272 |        272 |                                           sympy.plotting.intervalmath.lib_interval
import time:       242 |       1068 |                                         sympy.plotting.intervalmath
import time:       867 |       2261 |                                       sympy.plotting.series
import time:       408 |       2917 |                                     sympy.plotting.backends.base_backend
import time:       331 |        331 |                                       sympy.plotting.backends.matplotlibbackend.matplotlib
import time:       268 |        598 |                                     sympy.plotting.backends.matplotlibbackend
import time:       349 |        349 |                                         sympy.plotting.textplot
import time:       297 |        645 |                                       sympy.plotting.backends.textbackend.text
import time:       203 |        848 |                                     sympy.plotting.backends.textbackend
import time:       465 |        465 |                                     sympy.plotting.plotgrid
import time:       491 |       5317 |                                   sympy.plotting.plot
import time:       383 |        383 |                                   sympy.plotting.plot_implicit
import time:       227 |        227 |                                   sympy.plotting.pygletplot
import time:       532 |       6457 |                                 sympy.plotting
import time:       396 |        396 |                                   sympy.interactive.printing
import time:       266 |        266 |                                   sympy.interactive.session
import time:       240 |        240 |                                   sympy.interactive.traversal
import time:       165 |       1066 |                                 sympy.interactive
import time:      1186 |     302692 |                               sympy
import time:       453 |        453 |                               torch.utils._sympy.numbers
import time:      3485 |     306845 |                             torch.utils._sympy.functions
import time:       497 |        497 |                             torch.utils._sympy.printers
import time:       542 |        542 |                             torch.utils._sympy.singleton_int
import time:       352 |        352 |                             torch.utils._sympy.solve
import time:       375 |        375 |                             torch.utils._sympy.symbol
import time:       321 |        321 |                               torch.utils._sympy.interp
import time:      1212 |       1532 |                             torch.utils._sympy.value_ranges
import time:      6446 |     319043 |                           torch.fx.experimental.symbolic_shapes
import time:       471 |        471 |                           torch._dynamo.metrics_context
import time:       440 |        440 |                           torch.utils._triton
import time:       294 |        294 |                                 torch._numpy._casting_dicts
import time:       315 |        608 |                               torch._numpy._dtypes_impl
import time:       565 |        565 |                               torch._numpy._util
import time:       469 |        469 |                                 torch._numpy._dtypes
import time:       344 |        812 |                               torch._numpy._normalizations
import time:       467 |       2451 |                             torch._numpy.fft
import time:       378 |        378 |                             torch._numpy.linalg
import time:       311 |        311 |                             torch._numpy.random
import time:       499 |        499 |                               torch._numpy._funcs_impl
import time:       408 |        408 |                               torch._numpy._reductions_impl
import time:       522 |       1428 |                             torch._numpy._funcs
import time:       260 |        260 |                             torch._numpy._getlimits
import time:       205 |        205 |                                 torch._numpy._binary_ufuncs_impl
import time:       254 |        254 |                                 torch._numpy._unary_ufuncs_impl
import time:       456 |        914 |                               torch._numpy._ufuncs
import time:       396 |       1309 |                             torch._numpy._ndarray
import time:       482 |       6617 |                           torch._numpy
import time:       166 |        166 |                               triton
import time:        46 |        212 |                             triton.compiler
import time:        16 |        228 |                           triton.compiler.compiler
import time:      3693 |     339583 |                         torch._dynamo.utils
import time:       792 |     340374 |                       torch._dynamo.exc
import time:       250 |        250 |                       torch._dynamo.logging
import time:       695 |        695 |                         torch._inductor.test_operators
import time:       896 |        896 |                             torch._dynamo.bytecode_analysis
import time:      1174 |       2070 |                           torch._dynamo.bytecode_transformation
import time:      1004 |       3073 |                         torch._dynamo.resume_execution
import time:       205 |        205 |                             torch._dynamo.current_scope_id
import time:       353 |        353 |                               torch.utils._device
import time:      8200 |       8200 |                               torch._dynamo.source
import time:       445 |        445 |                               torch._dynamo.mutation_guard
import time:       799 |        799 |                                   torch._functorch._aot_autograd.functional_utils
import time:       241 |        241 |                                     torch.testing._internal
import time:       587 |        827 |                                   torch.testing._internal.logging_tensor
import time:       862 |       2487 |                                 torch.utils.checkpoint
import time:       345 |        345 |                                 torch._dynamo.external_utils
import time:       226 |        226 |                                   torch._dynamo.backends
import time:       521 |        746 |                                 torch._dynamo.backends.registry
import time:       281 |        281 |                                 torch._dynamo.code_context
import time:       664 |        664 |                                   torch._dynamo.types
import time:       390 |       1054 |                                 torch._dynamo.hooks
import time:      1256 |       6166 |                               torch._dynamo.eval_frame
import time:      1598 |      16759 |                             torch._dynamo.guards
import time:       698 |      17661 |                           torch._dynamo.variables.base
import time:      1108 |       1108 |                             torch._dynamo.replay_record
import time:       316 |        316 |                             torch._dynamo.variables.constant
import time:      1227 |       1227 |                               torch._dynamo.device_interface
import time:       414 |        414 |                                 torch._dynamo.polyfills
import time:       242 |        242 |                                         torch.distributed._composable_state
import time:       209 |        209 |                                           torch.distributed.algorithms._checkpoint
import time:       673 |        881 |                                         torch.distributed.algorithms._checkpoint.checkpoint_wrapper
import time:      1690 |       1690 |                                         torch.distributed.fsdp.api
import time:       603 |       3414 |                                       torch.distributed.fsdp._common_utils
import time:       165 |        165 |                                         torch.testing._internal.distributed
import time:       327 |        492 |                                       torch.testing._internal.distributed.fake_pg
import time:       351 |        351 |                                                     torch.distributed._shard.common_op_utils
import time:       268 |        619 |                                                   torch.distributed._shard.op_registry_utils
import time:       440 |        440 |                                                       torch.distributed._shard.metadata
import time:       657 |        657 |                                                         torch.distributed._shard.sharded_tensor.metadata
import time:       313 |        313 |                                                         torch.distributed._shard.sharding_spec._internals
import time:       687 |       1657 |                                                       torch.distributed._shard.sharding_spec.api
import time:       138 |        138 |                                                         torch.distributed._shard._utils
import time:       245 |        245 |                                                         torch.distributed._shard.sharded_tensor.shard
import time:       178 |        178 |                                                         torch.distributed._shard.sharded_tensor.utils
import time:       484 |       1043 |                                                       torch.distributed._shard.sharding_spec.chunk_sharding_spec
import time:       329 |       3467 |                                                     torch.distributed._shard.sharding_spec
import time:       468 |        468 |                                                           torch.distributed.nn.functional
import time:       124 |        124 |                                                             torch.distributed.nn.api
import time:       119 |        119 |                                                             torch.distributed.nn.jit
import time:       124 |        124 |                                                                 torch.distributed.nn.jit.templates
import time:       182 |        306 |                                                               torch.distributed.nn.jit.templates.remote_module_template
import time:       516 |        822 |                                                             torch.distributed.nn.jit.instantiator
import time:      2620 |       3682 |                                                           torch.distributed.nn.api.remote_module
import time:       157 |       4306 |                                                         torch.distributed.nn
import time:        11 |       4317 |                                                       torch.distributed.nn.functional
import time:       333 |       4650 |                                                     torch.distributed._shard.sharded_tensor.reshard
import time:       989 |       9105 |                                                   torch.distributed._shard.sharded_tensor.api
import time:       225 |        225 |                                                     torch.distributed._shard.sharded_tensor._ops.misc_ops
import time:       206 |        206 |                                                       torch.distributed._shard.sharded_tensor._ops._common
import time:       318 |        524 |                                                     torch.distributed._shard.sharded_tensor._ops.tensor_ops
import time:       204 |        204 |                                                       torch.distributed._shard.sharding_spec.chunk_sharding_spec_ops
import time:       243 |        243 |                                                       torch.distributed._shard.sharding_spec.chunk_sharding_spec_ops._common
import time:       339 |        785 |                                                     torch.distributed._shard.sharding_spec.chunk_sharding_spec_ops.embedding
import time:       290 |        290 |                                                     torch.distributed._shard.sharding_spec.chunk_sharding_spec_ops.embedding_bag
import time:       140 |        140 |                                                     torch.distributed._shard.sharded_tensor._ops.binary_cmp
import time:       272 |        272 |                                                     torch.distributed._shard.sharded_tensor._ops.init
import time:       282 |       2514 |                                                   torch.distributed._shard.sharded_tensor._ops
import time:       429 |      12665 |                                                 torch.distributed._shard.sharded_tensor
import time:       188 |        188 |                                                 torch.distributed._shard.sharder
import time:       396 |        396 |                                                   torch.distributed._shard.sharding_plan.api
import time:       130 |        525 |                                                 torch.distributed._shard.sharding_plan
import time:       591 |      13968 |                                               torch.distributed._shard.api
import time:       220 |      14187 |                                             torch.distributed._shard
import time:        12 |      14199 |                                           torch.distributed._shard.sharded_tensor
import time:        17 |      14216 |                                         torch.distributed._shard.sharded_tensor.api
import time:       249 |        249 |                                         torch.distributed.fsdp._shard_utils
import time:       328 |      14791 |                                       torch.distributed.fsdp._fsdp_extensions
import time:      1230 |      19927 |                                     torch.distributed.fsdp._flat_param
import time:       747 |        747 |                                       torch.distributed.fsdp._fully_shard._fsdp_api
import time:       202 |        202 |                                             torch.distributed._composable.contract
import time:       254 |        456 |                                           torch.distributed._composable.checkpoint_activation
import time:       238 |        238 |                                           torch.distributed._composable.replicate
import time:       352 |       1045 |                                         torch.distributed._composable
import time:       874 |        874 |                                         torch.distributed.fsdp._fully_shard._fsdp_common
import time:      1586 |       1586 |                                                 torch.distributed.fsdp._fully_shard._fsdp_param
import time:      1053 |       2639 |                                               torch.distributed.fsdp._fully_shard._fsdp_collectives
import time:       771 |       3410 |                                             torch.distributed.fsdp._fully_shard._fsdp_param_group
import time:       326 |       3735 |                                           torch.distributed.fsdp._fully_shard._fsdp_state
import time:       221 |       3955 |                                         torch.distributed.fsdp._fully_shard._fsdp_init
import time:       441 |       6313 |                                       torch.distributed.fsdp._fully_shard._fully_shard
import time:       302 |       7362 |                                     torch.distributed.fsdp._fully_shard
import time:       162 |        162 |                                       torch.distributed.fsdp._traversal_utils
import time:       228 |        228 |                                         torch.distributed.algorithms._comm_hooks.default_hooks
import time:       306 |        534 |                                       torch.distributed.algorithms._comm_hooks
import time:       274 |        274 |                                       torch.distributed.fsdp._dynamo_utils
import time:       433 |        433 |                                         torch.distributed.fsdp._exec_order_utils
import time:       137 |        137 |                                         torch.distributed.fsdp._limiter_utils
import time:       381 |        381 |                                         torch.distributed.fsdp.wrap
import time:       133 |        133 |                                               torch.distributed.tensor.parallel._utils
import time:       424 |        424 |                                               torch.distributed.tensor.parallel.style
import time:       374 |        931 |                                             torch.distributed.tensor.parallel.api
import time:       413 |        413 |                                             torch.distributed.tensor.parallel.loss
import time:       206 |       1549 |                                           torch.distributed.tensor.parallel
import time:       718 |        718 |                                           torch.distributed.tensor.parallel._data_parallel_utils
import time:       232 |       2498 |                                         torch.distributed.tensor.parallel.fsdp
import time:       136 |        136 |                                         torchdistx
import time:       462 |       4044 |                                       torch.distributed.fsdp._init_utils
import time:       460 |        460 |                                       torch.distributed.fsdp._runtime_utils
import time:       358 |        358 |                                       torch.distributed.fsdp._wrap_utils
import time:       487 |        487 |                                         torch.distributed._state_dict_utils
import time:       521 |        521 |                                         torch.distributed.fsdp._debug_utils
import time:      1428 |       2435 |                                       torch.distributed.fsdp._optim_utils
import time:       365 |        365 |                                         torch.distributed.fsdp._unshard_param_utils
import time:       727 |       1091 |                                       torch.distributed.fsdp._state_dict_utils
import time:       672 |      10028 |                                     torch.distributed.fsdp.fully_sharded_data_parallel
import time:       268 |      37583 |                                   torch.distributed.fsdp
import time:        13 |      37595 |                                 torch.distributed.fsdp._fully_shard
import time:      1840 |       1840 |                                 torch._higher_order_ops.triton_kernel_wrap
import time:       803 |      40651 |                               torch._dynamo.variables.functions
import time:       463 |        463 |                                 torch._dynamo.create_parameter_op
import time:       633 |        633 |                                 torch._dynamo.variables.dicts
import time:        99 |         99 |                                   optree
import time:       301 |        399 |                                 torch.utils._cxx_pytree
import time:       831 |       2323 |                               torch._dynamo.variables.user_defined
import time:       870 |      45070 |                             torch._dynamo.variables.ctx_manager
import time:       437 |        437 |                               torch._dynamo.variables.iter
import time:       562 |        999 |                             torch._dynamo.variables.lists
import time:       725 |        725 |                               torch._dynamo.compiled_autograd
import time:       347 |        347 |                                 tokenizers.trainers
import time:        90 |         90 |                                 sentencepiece
import time:       434 |        434 |                                 transformers.tokenization_python
import time:     32288 |      33157 |                               torch._dynamo._trace_wrapped_higher_order_op
import time:       787 |      34668 |                             torch._dynamo.variables.tensor
import time:       891 |      83049 |                           torch._dynamo.variables.builtin
import time:       572 |        572 |                           torch._dynamo.variables.distributed
import time:       407 |        407 |                             torch._dynamo.variables.lazy
import time:      1089 |       1496 |                           torch._dynamo.variables.higher_order_ops
import time:      1153 |       1153 |                             torch._dynamo.variables.nn_module
import time:      1043 |       2196 |                           torch._dynamo.variables.misc
import time:       473 |        473 |                           torch._dynamo.variables.optimizer
import time:       322 |        322 |                           torch._dynamo.variables.sdpa
import time:      1966 |       1966 |                               torch._dynamo.variables.torch_function
import time:       553 |       2518 |                             torch._dynamo.codegen
import time:       365 |        365 |                                 torch.onnx._internal
import time:       411 |        775 |                               torch.onnx._internal.exporter
import time:       144 |        144 |                               torch.onnx._internal._lazy_import
import time:       407 |       1325 |                             torch.onnx._internal.exporter._onnx_program
import time:       279 |        279 |                                 torch._prims.context
import time:       212 |        491 |                               torch._prims.executor
import time:       374 |        374 |                               torch.fx.passes.fake_tensor_prop
import time:      1284 |       2148 |                             torch.onnx._internal.onnxruntime
import time:       237 |        237 |                               torch.onnx.errors
import time:       606 |        843 |                             torch.onnx._type_utils
import time:       128 |        128 |                               torch.onnx._constants
import time:       153 |        153 |                               torch.onnx._deprecation
import time:       326 |        326 |                                 torch.onnx._globals
import time:       377 |        377 |                                   torch.onnx._internal.registration
import time:       852 |       1229 |                                 torch.onnx._internal.jit_utils
import time:       664 |       2217 |                               torch.onnx.symbolic_helper
import time:       348 |        348 |                                             torch.onnx._internal.diagnostics.infra.sarif._property_bag
import time:       586 |        933 |                                           torch.onnx._internal.diagnostics.infra.sarif._address
import time:       374 |        374 |                                               torch.onnx._internal.diagnostics.infra.sarif._multiformat_message_string
import time:       276 |        650 |                                             torch.onnx._internal.diagnostics.infra.sarif._artifact_content
import time:       343 |        343 |                                               torch.onnx._internal.diagnostics.infra.sarif._message
import time:       315 |        657 |                                             torch.onnx._internal.diagnostics.infra.sarif._artifact_location
import time:       466 |       1773 |                                           torch.onnx._internal.diagnostics.infra.sarif._artifact
import time:       393 |        393 |                                               torch.onnx._internal.diagnostics.infra.sarif._region
import time:       253 |        646 |                                             torch.onnx._internal.diagnostics.infra.sarif._replacement
import time:       271 |        917 |                                           torch.onnx._internal.diagnostics.infra.sarif._artifact_change
import time:       300 |        300 |                                             torch.onnx._internal.diagnostics.infra.sarif._rectangle
import time:       309 |        608 |                                           torch.onnx._internal.diagnostics.infra.sarif._attachment
import time:       362 |        362 |                                                   torch.onnx._internal.diagnostics.infra.sarif._location_relationship
import time:       431 |        431 |                                                   torch.onnx._internal.diagnostics.infra.sarif._logical_location
import time:       438 |        438 |                                                   torch.onnx._internal.diagnostics.infra.sarif._physical_location
import time:       344 |       1572 |                                                 torch.onnx._internal.diagnostics.infra.sarif._location
import time:       403 |        403 |                                                   torch.onnx._internal.diagnostics.infra.sarif._tool_component_reference
import time:       297 |        700 |                                                 torch.onnx._internal.diagnostics.infra.sarif._reporting_descriptor_reference
import time:       847 |        847 |                                                   torch.onnx._internal.diagnostics.infra.sarif._stack_frame
import time:       447 |       1293 |                                                 torch.onnx._internal.diagnostics.infra.sarif._stack
import time:       388 |        388 |                                                 torch.onnx._internal.diagnostics.infra.sarif._web_request
import time:       370 |        370 |                                                 torch.onnx._internal.diagnostics.infra.sarif._web_response
import time:       472 |       4793 |                                               torch.onnx._internal.diagnostics.infra.sarif._thread_flow_location
import time:       436 |       5228 |                                             torch.onnx._internal.diagnostics.infra.sarif._thread_flow
import time:       270 |       5497 |                                           torch.onnx._internal.diagnostics.infra.sarif._code_flow
import time:       274 |        274 |                                             torch.onnx._internal.diagnostics.infra.sarif._reporting_configuration
import time:       306 |        579 |                                           torch.onnx._internal.diagnostics.infra.sarif._configuration_override
import time:       310 |        310 |                                                 torch.onnx._internal.diagnostics.infra.sarif._exception
import time:       348 |        658 |                                               torch.onnx._internal.diagnostics.infra.sarif._notification
import time:       673 |       1330 |                                             torch.onnx._internal.diagnostics.infra.sarif._invocation
import time:       342 |        342 |                                                   torch.onnx._internal.diagnostics.infra.sarif._reporting_descriptor_relationship
import time:       446 |        788 |                                                 torch.onnx._internal.diagnostics.infra.sarif._reporting_descriptor
import time:       307 |        307 |                                                 torch.onnx._internal.diagnostics.infra.sarif._translation_metadata
import time:       793 |       1887 |                                               torch.onnx._internal.diagnostics.infra.sarif._tool_component
import time:       265 |       2151 |                                             torch.onnx._internal.diagnostics.infra.sarif._tool
import time:       316 |       3797 |                                           torch.onnx._internal.diagnostics.infra.sarif._conversion
import time:       292 |        292 |                                           torch.onnx._internal.diagnostics.infra.sarif._edge
import time:       402 |        402 |                                           torch.onnx._internal.diagnostics.infra.sarif._edge_traversal
import time:       312 |        312 |                                               torch.onnx._internal.diagnostics.infra.sarif._node
import time:       272 |        584 |                                             torch.onnx._internal.diagnostics.infra.sarif._graph
import time:       344 |        344 |                                               torch.onnx._internal.diagnostics.infra.sarif._fix
import time:       495 |        495 |                                               torch.onnx._internal.diagnostics.infra.sarif._graph_traversal
import time:       479 |        479 |                                               torch.onnx._internal.diagnostics.infra.sarif._result_provenance
import time:       278 |        278 |                                               torch.onnx._internal.diagnostics.infra.sarif._suppression
import time:       925 |       2520 |                                             torch.onnx._internal.diagnostics.infra.sarif._result
import time:       677 |       3779 |                                           torch.onnx._internal.diagnostics.infra.sarif._external_properties
import time:       271 |        271 |                                           torch.onnx._internal.diagnostics.infra.sarif._external_property_file_reference
import time:       475 |        475 |                                           torch.onnx._internal.diagnostics.infra.sarif._external_property_file_references
import time:       428 |        428 |                                             torch.onnx._internal.diagnostics.infra.sarif._run_automation_details
import time:       229 |        229 |                                             torch.onnx._internal.diagnostics.infra.sarif._special_locations
import time:       338 |        338 |                                             torch.onnx._internal.diagnostics.infra.sarif._version_control_details
import time:      1020 |       2014 |                                           torch.onnx._internal.diagnostics.infra.sarif._run
import time:       293 |        293 |                                           torch.onnx._internal.diagnostics.infra.sarif._sarif_log
import time:       317 |      21940 |                                         torch.onnx._internal.diagnostics.infra.sarif
import time:       165 |      22104 |                                       torch.onnx._internal.diagnostics.infra.formatter
import time:      1715 |      23818 |                                     torch.onnx._internal.diagnostics.infra._infra
import time:       219 |        219 |                                       torch.onnx._internal.diagnostics.infra.utils
import time:       254 |        254 |                                       torch.onnx._internal.diagnostics.infra.sarif.version
import time:      1073 |       1545 |                                     torch.onnx._internal.diagnostics.infra.context
import time:       255 |      25618 |                                   torch.onnx._internal.diagnostics.infra
import time:       396 |      26014 |                                 torch.onnx._internal.diagnostics._diagnostic
import time:       733 |        733 |                                 torch.onnx._internal.diagnostics._rules
import time:       291 |      27036 |                               torch.onnx._internal.diagnostics
import time:       304 |        304 |                               torch.onnx._internal.onnx_proto_utils
import time:       679 |      30515 |                             torch.onnx.utils
import time:      2279 |       2279 |                               torch.onnx.symbolic_opset9
import time:       321 |       2600 |                             torch.onnx.symbolic_caffe2
import time:       231 |        231 |                             torch.onnx.symbolic_opset7
import time:       458 |        458 |                             torch.onnx.symbolic_opset8
import time:       534 |        534 |                             torch.onnx.symbolic_opset10
import time:       620 |        620 |                             torch.onnx.symbolic_opset11
import time:       423 |        423 |                             torch.onnx.symbolic_opset12
import time:       370 |        370 |                             torch.onnx.symbolic_opset13
import time:       300 |        300 |                             torch.onnx.symbolic_opset14
import time:       235 |        235 |                             torch.onnx.symbolic_opset15
import time:       274 |        274 |                             torch.onnx.symbolic_opset16
import time:       310 |        310 |                             torch.onnx.symbolic_opset17
import time:       296 |        296 |                             torch.onnx.symbolic_opset18
import time:       188 |        188 |                             torch.onnx.symbolic_opset19
import time:       256 |        256 |                             torch.onnx.symbolic_opset20
import time:       535 |        535 |                               torch.onnx._internal.io_adapter
import time:       340 |        340 |                                 torch.onnx._internal.fx.patcher
import time:       147 |        147 |                                 torch.onnx._internal.fx.serialization
import time:       172 |        658 |                               torch.onnx._internal.fx
import time:      1520 |       1520 |                                 torch.onnx._internal.fx.registration
import time:       204 |       1724 |                               torch.onnx._internal.fx.decomposition_table
import time:       964 |       3880 |                             torch.onnx._internal._exporter_legacy
import time:      1438 |      49753 |                           torch._dynamo.variables.torch
import time:       538 |     156055 |                         torch._dynamo.variables
import time:     15031 |     174853 |                       torch._dynamo.trace_rules
import time:       352 |        352 |                       torch._dynamo.funcname_cache
import time:       685 |        685 |                           torch._dynamo.graph_region_tracker
import time:       396 |       1081 |                         torch._dynamo.graph_deduplication
import time:       501 |        501 |                         torch._dynamo.side_effects
import time:       831 |        831 |                             torch.compiler.config
import time:      1549 |       2379 |                           torch._dynamo.pgo
import time:       280 |        280 |                           torch._dynamo.variables.script_object
import time:      1820 |       4478 |                         torch._dynamo.variables.builder
import time:      1364 |       7422 |                       torch._dynamo.output_graph
import time:      4900 |     528149 |                     torch._dynamo.symbolic_convert
import time:       953 |        953 |                     torch._dynamo.cache_size
import time:      1067 |     538754 |                   torch._dynamo.convert_frame
import time:       505 |        505 |                   torch._dynamo.callback
import time:       396 |        396 |                     torch._dynamo.comptime
import time:       676 |       1071 |                   torch._dynamo.decorators
import time:       492 |        492 |                     torch._functorch.make_functional
import time:      1384 |       1384 |                       torch._decomp.decompositions_for_rng
import time:       202 |        202 |                               torch._inductor.runtime
import time:       113 |        113 |                               triton
import time:       990 |       1304 |                             torch._inductor.runtime.hints
import time:       505 |        505 |                             torch.fx.passes.graph_transform_observer
import time:       222 |        222 |                               torch._inductor.runtime.cache_dir_utils
import time:        79 |         79 |                               colorama
import time:       456 |        756 |                             torch._inductor.runtime.runtime_utils
import time:      2049 |       4613 |                           torch._inductor.utils
import time:      1458 |       6071 |                         torch._inductor.cudagraph_utils
import time:        77 |         77 |                             redis
import time:       759 |        835 |                           torch._inductor.remote_cache
import time:       657 |       1491 |                         torch._inductor.runtime.autotune_cache
import time:      1246 |       8807 |                       torch._inductor.output_code
import time:       380 |        380 |                           torch._inductor.exc
import time:       857 |        857 |                           torch._inductor.metrics
import time:       287 |        287 |                             torch._inductor.codegen
import time:       391 |        677 |                           torch._inductor.codegen.cuda
import time:       489 |        489 |                           torch._inductor.codegen.cuda.cuda_env
import time:       121 |        121 |                             torch._inductor.codegen.rocm
import time:       340 |        461 |                           torch._inductor.codegen.rocm.compile_command
import time:      1187 |       1187 |                           torch._inductor.triton_bundler
import time:      1167 |       1167 |                             torch._inductor.cpu_vec_isa
import time:       624 |       1791 |                           torch._inductor.cpp_builder
import time:       259 |        259 |                           torch._inductor.runtime.compile_tasks
import time:      1892 |       7988 |                         torch._inductor.codecache
import time:      3254 |       3254 |                             torch._functorch._aot_autograd.schemas
import time:       361 |        361 |                             torch._functorch._aot_autograd.subclass_utils
import time:       438 |       4052 |                           torch._functorch._aot_autograd.collect_metadata_analysis
import time:       346 |        346 |                           torch._functorch._aot_autograd.input_output_analysis
import time:       265 |        265 |                           torch._functorch._aot_autograd.logging_utils
import time:       327 |        327 |                           torch._functorch._aot_autograd.traced_function_transforms
import time:      2152 |       7141 |                         torch._functorch._aot_autograd.runtime_wrappers
import time:      1233 |      16361 |                       torch._functorch._aot_autograd.autograd_cache
import time:       454 |        454 |                           torch.utils._sympy.reference
import time:       340 |        793 |                         torch.fx.passes._tensorify_python_scalars
import time:       392 |        392 |                         torch._functorch._aot_autograd.dispatch_and_compile_graph
import time:       478 |       1662 |                       torch._functorch._aot_autograd.jit_compile_runtime_wrappers
import time:      4781 |       4781 |                         torch._inductor.inductor_prims
import time:       341 |        341 |                           torch._functorch._activation_checkpointing
import time:       399 |        740 |                         torch._functorch._activation_checkpointing.knapsack
import time:       348 |        348 |                         torch._functorch.compile_utils
import time:      1277 |       7144 |                       torch._functorch.partitioners
import time:       751 |      36107 |                     torch._functorch.aot_autograd
import time:     14711 |      51309 |                   torch._dynamo.polyfills.loader
import time:       413 |     592050 |                 torch._dynamo
import time:        15 |     592065 |               torch._dynamo._trace_wrapped_higher_order_op
import time:       259 |        259 |               torch.nn.attention._utils
import time:      1110 |     593433 |             torch.nn.attention.flex_attention
import time:      1154 |     594955 |           transformers.masking_utils
import time:       387 |        387 |             transformers.pytorch_utils
import time:       427 |        427 |                 sklearn._config
import time:      3117 |       3117 |                   sklearn.__check_build._check_build
import time:       135 |       3251 |                 sklearn.__check_build
import time:       149 |        149 |                 sklearn._distributor_init
import time:       375 |        375 |                   sklearn.exceptions
import time:       130 |        130 |                           sklearn.utils._bunch
import time:       568 |        697 |                         sklearn.utils._metadata_requests
import time:       335 |       1032 |                       sklearn.utils.metadata_routing
import time:       120 |        120 |                                     narwhals._exceptions
import time:       464 |        584 |                                   narwhals.dependencies
import time:       223 |        223 |                                       narwhals._enum
import time:       331 |        331 |                                       narwhals._typing_compat
import time:       214 |        214 |                                       narwhals.exceptions
import time:      1260 |       2027 |                                     narwhals._utils
import time:       588 |       2615 |                                   narwhals.dtypes
import time:       548 |        548 |                                     narwhals._expression_parsing
import time:       149 |        149 |                                         narwhals._constants
import time:       231 |        380 |                                       narwhals.expr_cat
import time:       342 |        342 |                                       narwhals.expr_dt
import time:       290 |        290 |                                       narwhals.expr_list
import time:       237 |        237 |                                       narwhals.expr_name
import time:       316 |        316 |                                       narwhals.expr_str
import time:       146 |        146 |                                       narwhals.expr_struct
import time:       471 |        471 |                                               narwhals._compliant.typing
import time:       629 |        629 |                                               narwhals._translate
import time:       660 |       1759 |                                             narwhals._compliant.dataframe
import time:       491 |        491 |                                               narwhals._compliant.any_namespace
import time:       339 |        339 |                                               narwhals._compliant.column
import time:      1474 |       2303 |                                             narwhals._compliant.expr
import time:       497 |        497 |                                             narwhals._compliant.group_by
import time:       540 |        540 |                                             narwhals._compliant.namespace
import time:       493 |        493 |                                             narwhals._compliant.selectors
import time:       565 |        565 |                                             narwhals._compliant.series
import time:       325 |        325 |                                             narwhals._compliant.window
import time:       268 |       6747 |                                           narwhals._compliant
import time:       654 |        654 |                                           narwhals._typing
import time:       341 |       7742 |                                         narwhals.plugins
import time:       449 |        449 |                                         narwhals._native
import time:       311 |       8501 |                                       narwhals.translate
import time:       734 |      10942 |                                     narwhals.expr
import time:       400 |      11890 |                                   narwhals.selectors
import time:       345 |        345 |                                       narwhals.schema
import time:       375 |        720 |                                     narwhals.functions
import time:       528 |        528 |                                         narwhals.typing
import time:       324 |        851 |                                       narwhals.series_cat
import time:       276 |        276 |                                       narwhals.series_dt
import time:       270 |        270 |                                       narwhals.series_list
import time:       202 |        202 |                                       narwhals.series_str
import time:       228 |        228 |                                       narwhals.series_struct
import time:       576 |       2400 |                                     narwhals.series
import time:       573 |       3692 |                                   narwhals.dataframe
import time:       305 |      19083 |                                 narwhals
import time:       358 |        358 |                                   narwhals.stable.v1.dependencies
import time:       264 |        264 |                                     narwhals.stable.v1._dtypes
import time:       227 |        491 |                                   narwhals.stable.v1.dtypes
import time:       227 |        227 |                                   narwhals.stable.v1.selectors
import time:       382 |        382 |                                   narwhals.stable.v1.typing
import time:       758 |       2214 |                                 narwhals.stable.v1
import time:       369 |        369 |                                   narwhals.stable.v2.dependencies
import time:      1334 |       1334 |                                   narwhals.stable.v2.dtypes
import time:       148 |        148 |                                   narwhals.stable.v2.selectors
import time:       158 |        158 |                                   narwhals.stable.v2.typing
import time:       670 |       2677 |                                 narwhals.stable.v2
import time:       576 |      24549 |                               narwhals.stable
import time:        12 |      24560 |                             narwhals.stable.v2
import time:       162 |        162 |                               sklearn.externals
import time:       487 |        487 |                                     sklearn.externals.array_api_compat.common._typing
import time:       509 |        996 |                                   sklearn.externals.array_api_compat.common._helpers
import time:       201 |       1197 |                                 sklearn.externals.array_api_compat.common
import time:       218 |       1415 |                               sklearn.externals.array_api_compat
import time:       121 |        121 |                                     sklearn.externals.array_api_extra._lib
import time:       106 |        106 |                                       sklearn.externals._array_api_compat_vendor
import time:       182 |        288 |                                     sklearn.externals.array_api_extra._lib._compat
import time:       128 |        128 |                                       sklearn.externals.array_api_extra._lib._typing
import time:       277 |        404 |                                     sklearn.externals.array_api_extra._lib._helpers
import time:       473 |       1284 |                                   sklearn.externals.array_api_extra.testing._testing
import time:       209 |       1492 |                                 sklearn.externals.array_api_extra.testing
import time:       475 |        475 |                                       sklearn.externals.array_api_extra._at
import time:       320 |        794 |                                     sklearn.externals.array_api_extra._agnostic._creation
import time:       133 |        133 |                                       sklearn.externals.array_api_extra._agnostic._inspection
import time:       346 |        478 |                                     sklearn.externals.array_api_extra._agnostic._elementwise
import time:       121 |        121 |                                     sklearn.externals.array_api_extra._agnostic._indexing
import time:       257 |        257 |                                       sklearn.externals.array_api_extra._agnostic._manipulation
import time:       118 |        374 |                                     sklearn.externals.array_api_extra._agnostic._linalg
import time:       126 |        126 |                                     sklearn.externals.array_api_extra._agnostic._searching
import time:       121 |        121 |                                     sklearn.externals.array_api_extra._agnostic._set
import time:       105 |        105 |                                     sklearn.externals.array_api_extra._agnostic._sorting
import time:       129 |        129 |                                     sklearn.externals.array_api_extra._agnostic._statistical
import time:       317 |       2562 |                                   sklearn.externals.array_api_extra._agnostic
import time:        12 |       2573 |                                 sklearn.externals.array_api_extra._agnostic._elementwise
import time:       121 |        121 |                                 sklearn.externals.array_api_extra._creation
import time:       185 |        185 |                                 sklearn.externals.array_api_extra._elementwise
import time:       235 |        235 |                                 sklearn.externals.array_api_extra._indexing
import time:       200 |        200 |                                 sklearn.externals.array_api_extra._lazy
import time:       574 |        574 |                                 sklearn.externals.array_api_extra._linalg
import time:       272 |        272 |                                 sklearn.externals.array_api_extra._manipulation
import time:       126 |        126 |                                 sklearn.externals.array_api_extra._searching
import time:       273 |        273 |                                 sklearn.externals.array_api_extra._set
import time:       119 |        119 |                                 sklearn.externals.array_api_extra._sorting
import time:       477 |        477 |                                 sklearn.externals.array_api_extra._statistical
import time:       281 |       6923 |                               sklearn.externals.array_api_extra
import time:       147 |        147 |                                 sklearn.externals.array_api_compat._internal
import time:       611 |        611 |                                   sklearn.externals.array_api_compat.common._aliases
import time:       158 |        158 |                                   sklearn.externals.array_api_compat.numpy._typing
import time:       693 |       1461 |                                 sklearn.externals.array_api_compat.numpy._aliases
import time:       307 |        307 |                                 sklearn.externals.array_api_compat.numpy._info
import time:       446 |        446 |                                   sklearn.externals.array_api_compat.common._linalg
import time:       311 |        756 |                                 sklearn.externals.array_api_compat.numpy.linalg
import time:       148 |        148 |                                   sklearn.externals.array_api_compat.common._fft
import time:       311 |        459 |                                 sklearn.externals.array_api_compat.numpy.fft
import time:       664 |       3791 |                               sklearn.externals.array_api_compat.numpy
import time:       169 |        169 |                               sklearn.utils._dataframe
import time:       170 |        170 |                                     dateutil._version
import time:       169 |        339 |                                   dateutil
import time:       187 |        187 |                                     pandas.compat._constants
import time:       115 |        115 |                                         pandas.util
import time:       606 |        721 |                                       pandas.util.version
import time:       180 |        901 |                                     pandas.compat.numpy
import time:        76 |         76 |                                       pyarrow
import time:       284 |        360 |                                     pandas.compat.pyarrow
import time:       228 |       1674 |                                   pandas.compat
import time:      1181 |       1181 |                                       pandas._typing
import time:       295 |        295 |                                       pandas.util._exceptions
import time:       524 |       1998 |                                     pandas._config.config
import time:       217 |        217 |                                     pandas._config.dates
import time:       138 |        138 |                                     pandas._config.display
import time:       161 |       2514 |                                   pandas._config
import time:       110 |        110 |                                     pandas.core
import time:      3143 |       3143 |                                           pandas._libs.pandas_parser
import time:      2853 |       2853 |                                           pandas._libs.pandas_datetime
import time:      3340 |       3340 |                                             pandas._libs._cyutility
import time:      3079 |       3079 |                                                       pandas._libs.tslibs.ccalendar
import time:      3362 |       3362 |                                                       pandas._libs.tslibs.np_datetime
import time:      3327 |       9767 |                                                     pandas._libs.tslibs.dtypes
import time:      3012 |       3012 |                                                       pandas._libs.tslibs.base
import time:      3560 |       3560 |                                                           pandas._libs.tslibs.nattype
import time:       623 |        623 |                                                                 zoneinfo._tzpath
import time:       222 |        222 |                                                                 zoneinfo._common
import time:        40 |         40 |                                                                 _zoneinfo
import time:       440 |       1323 |                                                               zoneinfo
import time:       445 |        445 |                                                               zoneinfo._zoneinfo
import time:       178 |        178 |                                                               pandas.compat._optional
import time:      1230 |       1230 |                                                                   six
import time:        22 |         22 |                                                                   six.moves
import time:       359 |        359 |                                                                   dateutil.tz._common
import time:       149 |        149 |                                                                   dateutil.tz._factories
import time:        11 |         11 |                                                                     six.moves.winreg
import time:       252 |        262 |                                                                   dateutil.tz.win
import time:       836 |       2855 |                                                                 dateutil.tz.tz
import time:       284 |       3138 |                                                               dateutil.tz
import time:       367 |        367 |                                                               pytz.exceptions
import time:       334 |        334 |                                                               pytz.lazy
import time:       301 |        301 |                                                               pytz.tzinfo
import time:       137 |        137 |                                                               pytz.tzfile
import time:      4201 |      10420 |                                                             pandas._libs.tslibs.timezones
import time:      3246 |       3246 |                                                               pandas._libs.properties
import time:       294 |       3540 |                                                             pandas.util._decorators
import time:       686 |        686 |                                                               _strptime
import time:       178 |        178 |                                                               pandas._config.localization
import time:      4142 |       5004 |                                                             pandas._libs.tslibs.fields
import time:      4008 |      22970 |                                                           pandas._libs.tslibs.timedeltas
import time:      2979 |       2979 |                                                           pandas._libs.tslibs.tzconversion
import time:      3915 |      33423 |                                                         pandas._libs.tslibs.timestamps
import time:       326 |        326 |                                                         dateutil.easter
import time:      4406 |      38153 |                                                       pandas._libs.tslibs.offsets
import time:       222 |        222 |                                                             dateutil._common
import time:      1047 |       1269 |                                                           dateutil.parser._parser
import time:       388 |        388 |                                                           dateutil.parser.isoparser
import time:       363 |       2019 |                                                         dateutil.parser
import time:      3854 |       3854 |                                                         pandas._libs.tslibs.strptime
import time:      3536 |       9409 |                                                       pandas._libs.tslibs.parsing
import time:      3107 |      53679 |                                                     pandas._libs.tslibs.conversion
import time:      3717 |       3717 |                                                     pandas._libs.tslibs.period
import time:      4049 |       4049 |                                                     pandas._libs.tslibs.vectorized
import time:       437 |      71647 |                                                   pandas._libs.tslibs
import time:        17 |      71664 |                                                 pandas._libs.tslibs.nattype
import time:      3641 |       3641 |                                                 pandas._libs.ops_dispatch
import time:      3310 |      78614 |                                               pandas._libs.missing
import time:      4834 |      83448 |                                             pandas._libs.hashtable
import time:      3842 |       3842 |                                             pandas._libs.algos
import time:      3889 |      94517 |                                           pandas._libs.interval
import time:       256 |     100768 |                                         pandas._libs
import time:        49 |     100816 |                                       pandas._libs.tslibs
import time:       615 |     101431 |                                     pandas.errors
import time:       605 |     102144 |                                   pandas.core.config_init
import time:       390 |        390 |                                       pandas.core.dtypes
import time:      4117 |       4117 |                                       pandas._libs.lib
import time:       462 |        462 |                                         pandas.core.dtypes.generic
import time:       449 |        911 |                                       pandas.core.dtypes.base
import time:       322 |        322 |                                       pandas.core.dtypes.inference
import time:      1136 |       6874 |                                     pandas.core.dtypes.dtypes
import time:       486 |        486 |                                       pandas.core.dtypes.common
import time:       398 |        883 |                                     pandas.core.dtypes.missing
import time:       359 |        359 |                                           pandas.io
import time:       423 |        781 |                                         pandas.io._util
import time:       578 |       1359 |                                       pandas.core.dtypes.cast
import time:       266 |        266 |                                         pandas.core.dtypes.astype
import time:       355 |        620 |                                       pandas.core.dtypes.concat
import time:       214 |        214 |                                         pandas.core.array_algos
import time:       396 |        396 |                                             pandas.core.col
import time:       810 |       1206 |                                           pandas.core.common
import time:       351 |       1556 |                                         pandas.core.construction
import time:       419 |       2188 |                                       pandas.core.array_algos.take
import time:       209 |        209 |                                         pandas.core.indexers.utils
import time:       297 |        505 |                                       pandas.core.indexers
import time:       502 |       5172 |                                     pandas.core.algorithms
import time:       250 |        250 |                                         pandas.core.arrays.arrow.accessors
import time:       260 |        260 |                                           pandas.core.missing
import time:      3320 |       3320 |                                               pandas._libs.ops
import time:       167 |        167 |                                               pandas.core.roperator
import time:       125 |        125 |                                               pandas.core.computation
import time:       397 |        397 |                                                 pandas.core.computation.check
import time:       444 |        840 |                                               pandas.core.computation.expressions
import time:       204 |        204 |                                               pandas.core.ops.missing
import time:       176 |        176 |                                               pandas.core.ops.dispatch
import time:       246 |        246 |                                               pandas.core.ops.invalid
import time:       309 |       5384 |                                             pandas.core.ops.array_ops
import time:       202 |        202 |                                             pandas.core.ops.common
import time:       261 |        261 |                                             pandas.core.ops.docstrings
import time:       212 |        212 |                                             pandas.core.ops.mask_ops
import time:       179 |       6236 |                                           pandas.core.ops
import time:       330 |        330 |                                           pandas.core.arraylike
import time:       414 |        414 |                                           pandas.core.arrays._arrow_string_mixins
import time:       123 |        123 |                                           pandas.core.arrays._utils
import time:       174 |        174 |                                               pandas.util._validators
import time:       425 |        598 |                                             pandas.compat.numpy.function
import time:       239 |        239 |                                             pandas.core.array_algos.quantile
import time:       237 |        237 |                                             pandas.core.sorting
import time:       663 |       1735 |                                           pandas.core.arrays.base
import time:       760 |        760 |                                             pandas.core.nanops
import time:       153 |        153 |                                             pandas.core.array_algos.masked_accumulations
import time:       221 |        221 |                                             pandas.core.array_algos.masked_reductions
import time:       108 |        108 |                                             pandas.core.array_algos.transforms
import time:       111 |        111 |                                               pandas.core.util
import time:      3403 |       3403 |                                               pandas._libs.hashing
import time:       324 |       3837 |                                             pandas.core.util.hashing
import time:       647 |       5723 |                                           pandas.core.arrays.masked
import time:      3130 |       3130 |                                             pandas._libs.arrays
import time:       363 |        363 |                                               pandas.core.arrays.numeric
import time:       439 |        801 |                                             pandas.core.arrays.floating
import time:       370 |        370 |                                             pandas.core.arrays.integer
import time:       595 |        595 |                                               pandas.core.arrays._mixins
import time:       290 |        290 |                                                 pandas.core.strings
import time:       369 |        658 |                                               pandas.core.strings.object_array
import time:       474 |       1726 |                                             pandas.core.arrays.numpy_
import time:       308 |        308 |                                             pandas.io.formats
import time:       124 |        124 |                                               pandas.io.formats.console
import time:       384 |        507 |                                             pandas.io.formats.printing
import time:       705 |       7544 |                                           pandas.core.arrays.string_
import time:       120 |        120 |                                             pandas.tseries
import time:       333 |        453 |                                           pandas.tseries.frequencies
import time:       898 |      23711 |                                         pandas.core.arrays.arrow.array
import time:       459 |      24419 |                                       pandas.core.arrays.arrow
import time:       228 |        228 |                                       pandas.core.arrays.boolean
import time:       290 |        290 |                                         pandas.core.accessor
import time:       494 |        494 |                                         pandas.core.base
import time:       737 |       1519 |                                       pandas.core.arrays.categorical
import time:      3553 |       3553 |                                         pandas._libs.tslib
import time:       170 |        170 |                                           pandas.core.array_algos.datetimelike_accumulations
import time:      1218 |       1387 |                                         pandas.core.arrays.datetimelike
import time:       306 |        306 |                                         pandas.core.arrays._ranges
import time:       138 |        138 |                                         pandas.tseries.offsets
import time:       633 |       6016 |                                       pandas.core.arrays.datetimes
import time:       504 |        504 |                                         pandas.core.arrays.timedeltas
import time:       669 |       1172 |                                       pandas.core.arrays.interval
import time:       480 |        480 |                                       pandas.core.arrays.period
import time:      3624 |       3624 |                                             pandas._libs.sparse
import time:       701 |       4325 |                                           pandas.core.arrays.sparse.array
import time:       407 |       4731 |                                         pandas.core.arrays.sparse.accessor
import time:       176 |       4906 |                                       pandas.core.arrays.sparse
import time:       485 |        485 |                                       pandas.core.arrays.string_arrow
import time:       292 |      39513 |                                     pandas.core.arrays
import time:       321 |        321 |                                     pandas.core.flags
import time:      3552 |       3552 |                                           pandas._libs.internals
import time:       289 |        289 |                                             pandas.core._numba
import time:       167 |        167 |                                             pandas.core.util.numba_
import time:       390 |        844 |                                           pandas.core._numba.executor
import time:       661 |       5057 |                                         pandas.core.apply
import time:       370 |        370 |                                           pandas.errors.cow
import time:      3919 |       3919 |                                               pandas._libs.indexing
import time:       330 |        330 |                                                 pandas.core.indexes
import time:      4145 |       4145 |                                                   pandas._libs.index
import time:      3123 |       3123 |                                                   pandas._libs.writers
import time:      3826 |       3826 |                                                   pandas._libs.join
import time:       411 |        411 |                                                   pandas.core.array_algos.putmask
import time:       315 |        315 |                                                   pandas.core.indexes.frozen
import time:      1232 |       1232 |                                                   pandas.core.strings.accessor
import time:     77932 |      90980 |                                                 pandas.core.indexes.base
import time:       505 |        505 |                                                   pandas.core.indexes.extension
import time:       759 |       1264 |                                                 pandas.core.indexes.category
import time:       645 |        645 |                                                     pandas.core.indexes.range
import time:       306 |        306 |                                                       pandas.core.tools
import time:       455 |        761 |                                                     pandas.core.tools.timedeltas
import time:       699 |       2103 |                                                   pandas.core.indexes.datetimelike
import time:       272 |        272 |                                                   pandas.core.tools.times
import time:       772 |       3147 |                                                 pandas.core.indexes.datetimes
import time:       899 |        899 |                                                   pandas.core.indexes.multi
import time:       478 |        478 |                                                   pandas.core.indexes.timedeltas
import time:       581 |       1957 |                                                 pandas.core.indexes.interval
import time:       605 |        605 |                                                 pandas.core.indexes.period
import time:       500 |      98779 |                                               pandas.core.indexes.api
import time:      1283 |     103981 |                                             pandas.core.indexing
import time:       418 |        418 |                                             pandas.core.sample
import time:       286 |        286 |                                             pandas.core.array_algos.replace
import time:       619 |        619 |                                                 pandas.core.internals.blocks
import time:       242 |        861 |                                               pandas.core.internals.api
import time:       506 |        506 |                                                   pandas.core.internals.ops
import time:       730 |       1235 |                                                 pandas.core.internals.managers
import time:       554 |       1789 |                                               pandas.core.internals.concat
import time:       279 |       2928 |                                             pandas.core.internals
import time:       281 |        281 |                                               pandas.core.methods
import time:       224 |        224 |                                                 pandas.core.reshape
import time:       436 |        660 |                                               pandas.core.reshape.concat
import time:      1063 |       1063 |                                                 pandas.io.common
import time:       813 |       1876 |                                               pandas.io.formats.format
import time:       455 |       3270 |                                             pandas.core.methods.describe
import time:       306 |        306 |                                             pandas.core.shared_docs
import time:       212 |        212 |                                                   pandas._libs.window
import time:      4624 |       4835 |                                                 pandas._libs.window.aggregations
import time:      4080 |       4080 |                                                   pandas._libs.window.indexers
import time:       523 |       4602 |                                                 pandas.core.indexers.objects
import time:       581 |        581 |                                                 pandas.core.window.common
import time:       406 |        406 |                                                 pandas.core.window.numba_
import time:       262 |        262 |                                                 pandas.core.window.online
import time:       760 |        760 |                                                 pandas.core.window.rolling
import time:       586 |      12029 |                                               pandas.core.window.ewm
import time:       405 |        405 |                                               pandas.core.window.expanding
import time:       290 |      12723 |                                             pandas.core.window
import time:      1453 |     125361 |                                           pandas.core.generic
import time:       517 |        517 |                                           pandas.core.internals.construction
import time:       445 |        445 |                                           pandas.core.methods.selectn
import time:       366 |        366 |                                             pandas.core.tools.numeric
import time:      1107 |       1473 |                                           pandas.core.reshape.melt
import time:      3936 |       3936 |                                             pandas._libs.reshape
import time:       773 |        773 |                                             pandas.core.indexes.accessors
import time:       286 |        286 |                                               pandas.arrays
import time:       866 |       1152 |                                             pandas.core.tools.datetimes
import time:       956 |        956 |                                             pandas.io.formats.info
import time:       681 |        681 |                                               pandas.plotting._core
import time:       572 |        572 |                                               pandas.plotting._misc
import time:       517 |       1769 |                                             pandas.plotting
import time:      2636 |      11220 |                                           pandas.core.series
import time:      3871 |     143254 |                                         pandas.core.frame
import time:       877 |        877 |                                         pandas.core.groupby.base
import time:      4430 |       4430 |                                           pandas._libs.groupby
import time:       394 |        394 |                                           pandas.core.groupby.numba_
import time:       374 |        374 |                                               pandas.core.groupby.categorical
import time:       469 |        842 |                                             pandas.core.groupby.grouper
import time:       669 |       1511 |                                           pandas.core.groupby.ops
import time:       465 |        465 |                                           pandas.core.groupby.indexing
import time:      1159 |       7957 |                                         pandas.core.groupby.groupby
import time:      1085 |     158229 |                                       pandas.core.groupby.generic
import time:       245 |     158474 |                                     pandas.core.groupby
import time:       535 |     211767 |                                   pandas.core.api
import time:       287 |        287 |                                   pandas.tseries.api
import time:       141 |        141 |                                           pandas.core.computation.common
import time:       307 |        448 |                                         pandas.core.computation.align
import time:       423 |        423 |                                           pandas.core.computation.scope
import time:       412 |        834 |                                         pandas.core.computation.ops
import time:       302 |       1583 |                                       pandas.core.computation.engines
import time:       423 |        423 |                                         pandas.core.computation.parsing
import time:       949 |       1371 |                                       pandas.core.computation.expr
import time:       365 |       3319 |                                     pandas.core.computation.eval
import time:       405 |       3724 |                                   pandas.core.computation.api
import time:       363 |        363 |                                     pandas.core.reshape.encoding
import time:       771 |        771 |                                     pandas.core.reshape.merge
import time:       365 |        365 |                                     pandas.core.reshape.pivot
import time:       431 |        431 |                                     pandas.core.reshape.tile
import time:       546 |       2475 |                                   pandas.core.reshape.api
import time:       585 |        585 |                                     pandas.api.executors
import time:       330 |        330 |                                     pandas.api.extensions
import time:       664 |        664 |                                     pandas.api.indexers
import time:       142 |        142 |                                         pandas.core.interchange
import time:      1357 |       1499 |                                       pandas.core.interchange.dataframe_protocol
import time:       254 |        254 |                                         pandas.core.interchange.utils
import time:       448 |        701 |                                       pandas.core.interchange.from_dataframe
import time:       183 |       2382 |                                     pandas.api.interchange
import time:       171 |        171 |                                       pandas.core.dtypes.api
import time:       160 |        331 |                                     pandas.api.types
import time:       800 |        800 |                                       pandas.core.resample
import time:      3868 |       3868 |                                             pandas._libs.json
import time:       533 |        533 |                                             pandas.io.json._normalize
import time:       297 |        297 |                                             pandas.io.json._table_schema
import time:      4272 |       4272 |                                                   pandas._libs.parsers
import time:       482 |        482 |                                                     pandas.io.parsers.base_parser
import time:       417 |        899 |                                                   pandas.io.parsers.arrow_parser_wrapper
import time:       330 |        330 |                                                   pandas.io.parsers.c_parser_wrapper
import time:       866 |        866 |                                                   pandas.io.parsers.python_parser
import time:       743 |       7108 |                                                 pandas.io.parsers.readers
import time:       150 |       7257 |                                               pandas.io.parsers
import time:        14 |       7271 |                                             pandas.io.parsers.readers
import time:       722 |      12688 |                                           pandas.io.json._json
import time:       191 |      12879 |                                         pandas.io.json
import time:        14 |      12892 |                                       pandas.io.json._json
import time:       398 |        398 |                                           pandas.io.sas.sasreader
import time:       291 |        688 |                                         pandas.io.sas
import time:        17 |        705 |                                       pandas.io.sas.sasreader
import time:      1029 |       1029 |                                       pandas.io.stata
import time:       215 |      15640 |                                     pandas.api.typing
import time:       330 |      20260 |                                   pandas.api
import time:       425 |        425 |                                       pandas._testing._io
import time:       242 |        242 |                                       pandas._testing._warnings
import time:      4090 |       4090 |                                         pandas._libs.testing
import time:       473 |       4562 |                                       pandas._testing.asserters
import time:       363 |        363 |                                       pandas._testing.compat
import time:       289 |        289 |                                       pandas._testing.contexts
import time:       746 |       6624 |                                     pandas._testing
import time:       240 |       6863 |                                   pandas.testing
import time:       316 |        316 |                                   pandas.util._print_versions
import time:       241 |        241 |                                     pandas.io.clipboards
import time:       315 |        315 |                                         pandas.io.excel._util
import time:       294 |        294 |                                         pandas.io.excel._calamine
import time:       477 |        477 |                                         pandas.io.excel._odfreader
import time:       602 |        602 |                                         pandas.io.excel._openpyxl
import time:       485 |        485 |                                         pandas.io.excel._pyxlsb
import time:       330 |        330 |                                         pandas.io.excel._xlrd
import time:       750 |       3251 |                                       pandas.io.excel._base
import time:      1147 |       1147 |                                       pandas.io.excel._odswriter
import time:       836 |        836 |                                       pandas.io.excel._xlsxwriter
import time:       258 |       5490 |                                     pandas.io.excel
import time:       274 |        274 |                                     pandas.io.feather_format
import time:       678 |        678 |                                     pandas.io.html
import time:       155 |        155 |                                     pandas.io.iceberg
import time:       159 |        159 |                                     pandas.io.orc
import time:       400 |        400 |                                     pandas.io.parquet
import time:       179 |        179 |                                       pandas.compat.pickle_compat
import time:       150 |        329 |                                     pandas.io.pickle
import time:       535 |        535 |                                       pandas.core.computation.pytables
import time:      1239 |       1774 |                                     pandas.io.pytables
import time:       263 |        263 |                                     pandas.io.spss
import time:       722 |        722 |                                     pandas.io.sql
import time:       460 |        460 |                                     pandas.io.xml
import time:       368 |      11307 |                                   pandas.io.api
import time:       302 |        302 |                                   pandas.util._tester
import time:       503 |        503 |                                   pandas._version_meson
import time:       391 |     364860 |                                 pandas
import time:       147 |        147 |                                   sklearn.externals._packaging
import time:       235 |        235 |                                   sklearn.externals._packaging._structures
import time:       797 |       1178 |                                 sklearn.externals._packaging.version
import time:      1214 |       1214 |                                   threadpoolctl
import time:       208 |       1422 |                                 sklearn.utils.parallel
import time:       527 |     367986 |                               sklearn.utils.fixes
import time:       670 |     381114 |                             sklearn.utils._array_api
import time:      3547 |       3547 |                               sklearn._cyutility
import time:      4059 |       7605 |                             sklearn.utils._isfinite
import time:      1796 |       1796 |                             sklearn.utils._tags
import time:       638 |     415711 |                           sklearn.utils.validation
import time:       518 |     416228 |                         sklearn.utils._param_validation
import time:       166 |     416394 |                       sklearn.utils._chunking
import time:       289 |        289 |                           sklearn.utils.deprecation
import time:      3743 |       3743 |                             sklearn.utils.sparsefuncs_fast
import time:       367 |       4109 |                           sklearn.utils.sparsefuncs
import time:       508 |       4905 |                         sklearn.utils.extmath
import time:       457 |       5362 |                       sklearn.utils._indexing
import time:       146 |        146 |                         sklearn.utils._missing
import time:       155 |        155 |                         sklearn.utils._sparse
import time:       437 |        737 |                       sklearn.utils._mask
import time:       139 |        139 |                         sklearn.utils._repr_html
import time:       443 |        582 |                       sklearn.utils._repr_html.base
import time:       131 |        131 |                         sklearn.utils._repr_html.features
import time:      1045 |       1175 |                       sklearn.utils._repr_html.estimator
import time:       865 |        865 |                       sklearn.utils.class_weight
import time:       233 |        233 |                       sklearn.utils.discovery
import time:      4434 |       4434 |                       sklearn.utils.murmurhash
import time:       260 |     431068 |                     sklearn.utils
import time:        16 |     431084 |                   sklearn.utils._metadata_requests
import time:        63 |         63 |                       sklearn.externals._numpydoc
import time:       773 |        773 |                       sklearn.externals._numpydoc.docscrape
import time:       302 |       1137 |                     sklearn.utils._repr_html.common
import time:      1139 |       2276 |                   sklearn.utils._repr_html.fitted_attributes
import time:       277 |        277 |                   sklearn.utils._repr_html.params
import time:       204 |        204 |                     sklearn.utils._available_if
import time:       388 |        591 |                   sklearn.utils._set_output
import time:       588 |     435189 |                 sklearn.base
import time:      5402 |       5402 |                   sklearn.utils._openmp_helpers
import time:       291 |       5693 |                 sklearn.utils._show_versions
import time:       281 |     444987 |               sklearn
import time:       259 |        259 |                 sklearn.metrics.cluster._bicluster
import time:      4570 |       4570 |                   sklearn.metrics.cluster._expected_mutual_info_fast
import time:       331 |        331 |                     sklearn.utils._unique
import time:       578 |        908 |                   sklearn.utils.multiclass
import time:       439 |       5916 |                 sklearn.metrics.cluster._supervised
import time:      5472 |       5472 |                         sklearn.metrics._dist_metrics
import time:      4183 |       4183 |                             sklearn.metrics._pairwise_distances_reduction._datasets_pair
import time:      4357 |       4357 |                             sklearn.utils._cython_blas
import time:      5075 |      13613 |                           sklearn.metrics._pairwise_distances_reduction._base
import time:      4408 |       4408 |                           sklearn.metrics._pairwise_distances_reduction._middle_term_computer
import time:      4083 |       4083 |                           sklearn.utils._heap
import time:      3670 |       3670 |                           sklearn.utils._sorting
import time:      4423 |      30195 |                         sklearn.metrics._pairwise_distances_reduction._argkmin
import time:      4175 |       4175 |                         sklearn.metrics._pairwise_distances_reduction._argkmin_classmode
import time:      3849 |       3849 |                           sklearn.utils._vector_sentinel
import time:      4218 |       8066 |                         sklearn.metrics._pairwise_distances_reduction._radius_neighbors
import time:      3978 |       3978 |                         sklearn.metrics._pairwise_distances_reduction._radius_neighbors_classmode
import time:       540 |      52424 |                       sklearn.metrics._pairwise_distances_reduction._dispatcher
import time:       322 |      52745 |                     sklearn.metrics._pairwise_distances_reduction
import time:      3700 |       3700 |                     sklearn.metrics._pairwise_fast
import time:       476 |        476 |                           sklearn.callback._base
import time:       361 |        361 |                           sklearn.callback._callback_context
import time:       400 |        400 |                           sklearn.callback._callback_support
import time:       365 |        365 |                             sklearn.callback._transport
import time:       128 |        128 |                             sklearn.utils._optional_dependencies
import time:       564 |       1056 |                           sklearn.callback._progressbar
import time:       597 |        597 |                           sklearn.callback._scoring_monitor
import time:       375 |       3262 |                         sklearn.callback
import time:       399 |        399 |                           sklearn.utils._encode
import time:       760 |       1159 |                         sklearn.preprocessing._encoders
import time:      1906 |       6326 |                       sklearn.preprocessing._data
import time:       244 |        244 |                         sklearn.utils.stats
import time:       490 |        734 |                       sklearn.preprocessing._discretization
import time:       286 |        286 |                         sklearn.utils.metaestimators
import time:       294 |        580 |                       sklearn.preprocessing._function_transformer
import time:       515 |        515 |                       sklearn.preprocessing._label
import time:      4226 |       4226 |                         sklearn.preprocessing._csr_polynomial_expansion
import time:       452 |       4678 |                       sklearn.preprocessing._polynomial
import time:      4552 |       4552 |                         sklearn.preprocessing._target_encoder_fast
import time:       434 |       4985 |                       sklearn.preprocessing._target_encoder
import time:       405 |      18219 |                     sklearn.preprocessing
import time:       891 |      75554 |                   sklearn.metrics.pairwise
import time:       357 |      75910 |                 sklearn.metrics.cluster._unsupervised
import time:       346 |      82429 |               sklearn.metrics.cluster
import time:       736 |        736 |               sklearn.metrics._classification
import time:       244 |        244 |                 sklearn.metrics._plot
import time:       976 |        976 |                   sklearn.utils._response
import time:       230 |       1205 |                 sklearn.utils._plotting
import time:       296 |       1745 |               sklearn.metrics._plot.confusion_matrix
import time:       152 |        152 |                   sklearn.metrics._base
import time:       553 |        705 |                 sklearn.metrics._ranking
import time:       342 |       1046 |               sklearn.metrics._plot.det_curve
import time:       186 |        186 |               sklearn.metrics._plot.precision_recall_curve
import time:       301 |        301 |               sklearn.metrics._plot.regression
import time:       690 |        690 |               sklearn.metrics._plot.roc_curve
import time:       447 |        447 |               sklearn.metrics._regression
import time:      1654 |       1654 |               sklearn.metrics._scorer
import time:       512 |     534728 |             sklearn.metrics
import time:       855 |     535969 |           transformers.generation.candidate_generator
import time:        90 |         90 |                 opentelemetry
import time:       252 |        252 |                     opentelemetry.environment_variables
import time:       281 |        281 |                         opentelemetry.context.context
import time:       193 |        193 |                         opentelemetry.context.contextvars_context
import time:       411 |        884 |                       opentelemetry.context
import time:        59 |         59 |                           opentelemetry.util
import time:       229 |        288 |                         opentelemetry.util.types
import time:       141 |        429 |                       opentelemetry.metrics._internal.observation
import time:      1793 |       3105 |                     opentelemetry.metrics._internal.instrument
import time:       173 |        173 |                     opentelemetry.util._once
import time:       230 |        230 |                     opentelemetry.util._providers
import time:       745 |       4503 |                   opentelemetry.metrics._internal
import time:       366 |       4869 |                 opentelemetry.metrics
import time:       239 |        239 |                   opentelemetry.attributes
import time:       194 |        194 |                       opentelemetry.trace.status
import time:       729 |        923 |                     opentelemetry.trace.span
import time:       256 |       1179 |                   opentelemetry.trace.propagation
import time:       389 |        389 |                   opentelemetry.util._decorator
import time:       593 |       2398 |                 opentelemetry.trace
import time:      1755 |       9110 |               transformers.utils.metrics
import time:      1477 |       1477 |                 transformers.generation.continuous_batching.requests
import time:       405 |       1882 |               transformers.generation.continuous_batching.cache_manager
import time:       566 |      11557 |             transformers.generation.continuous_batching.cache
import time:       411 |        411 |                 tqdm.contrib
import time:       416 |        827 |               tqdm.contrib.logging
import time:       993 |        993 |               transformers.generation.continuous_batching.input_ouputs
import time:       450 |        450 |               transformers.generation.continuous_batching.scheduler
import time:       827 |       3095 |             transformers.generation.continuous_batching.continuous_api
import time:       332 |      14983 |           transformers.generation.continuous_batching
import time:       432 |        432 |           transformers.generation.stopping_criteria
import time:      7730 |       7730 |             transformers.modeling_outputs
import time:      3061 |       3061 |             transformers.models.auto
import time:      1116 |       1116 |               transformers.models.auto.configuration_auto
import time:       530 |       1646 |             transformers.models.auto.auto_factory
import time:       559 |        559 |               huggingface_hub.dataclasses
import time:       625 |        625 |               transformers.audio_utils
import time:       484 |        484 |               transformers.feature_extraction_utils
import time:       202 |        202 |                     PIL.GimpGradientFile
import time:       312 |        312 |                     PIL.GimpPaletteFile
import time:       414 |        414 |                     PIL.ImageColor
import time:       356 |        356 |                     PIL.PaletteFile
import time:       527 |       1810 |                   PIL.ImagePalette
import time:       784 |       2594 |                 PIL.ImageOps
import time:      1409 |       4002 |               transformers.image_utils
import time:       609 |        609 |                   transformers.image_transforms
import time:       993 |       1602 |                 transformers.video_utils
import time:       427 |       2028 |               transformers.utils.type_validators
import time:       482 |        482 |                 huggingface_hub.serialization._base
import time:       648 |        648 |                 huggingface_hub.serialization._torch
import time:       366 |        366 |                 transformers.initialization
import time:      1054 |       1054 |                     transformers.integrations.accelerate
import time:       355 |        355 |                       transformers.distributed
import time:      1283 |       1638 |                     transformers.integrations.tensor_parallel
import time:       719 |        719 |                     transformers.utils.loading_report
import time:      1185 |       4594 |                   transformers.core_model_loading
import time:       367 |       4961 |                 transformers.conversion_mapping
import time:       259 |        259 |                 transformers.integrations.eager_paged
import time:       215 |        215 |                 transformers.integrations.flash_paged
import time:       459 |        459 |                 transformers.integrations.flex_attention
import time:       706 |        706 |                 transformers.integrations.sdpa_attention
import time:       272 |        272 |                 transformers.integrations.sdpa_paged
import time:       286 |        286 |                   transformers.loss
import time:       440 |        440 |                     transformers.loss.loss_for_object_detection
import time:       650 |        650 |                     transformers.loss.loss_rt_detr
import time:       372 |       1462 |                   transformers.loss.loss_d_fine
import time:       302 |        302 |                   transformers.loss.loss_deformable_detr
import time:       543 |        543 |                   transformers.loss.loss_grounding_dino
import time:       314 |        314 |                   transformers.loss.loss_lw_detr
import time:       576 |       3480 |                 transformers.loss.loss_utils
import time:       184 |        184 |                       transformers.quantizers.quantizers_utils
import time:       362 |        546 |                     transformers.quantizers.base
import time:       467 |        467 |                     transformers.quantizers.quantizer_aqlm
import time:       214 |        214 |                     transformers.quantizers.quantizer_auto_round
import time:       327 |        327 |                     transformers.quantizers.quantizer_awq
import time:       253 |        253 |                     transformers.quantizers.quantizer_bitnet
import time:       862 |        862 |                     transformers.quantizers.quantizer_bnb_4bit
import time:       466 |        466 |                     transformers.quantizers.quantizer_bnb_8bit
import time:       255 |        255 |                     transformers.quantizers.quantizer_compressed_tensors
import time:       256 |        256 |                     transformers.quantizers.quantizer_eetq
import time:       389 |        389 |                     transformers.quantizers.quantizer_fbgemm_fp8
import time:       467 |        467 |                     transformers.quantizers.quantizer_finegrained_fp8
import time:       320 |        320 |                     transformers.quantizers.quantizer_fp_quant
import time:       319 |        319 |                     transformers.quantizers.quantizer_gptq
import time:       241 |        241 |                     transformers.quantizers.quantizer_higgs
import time:       495 |        495 |                     transformers.quantizers.quantizer_hqq
import time:       403 |        403 |                     transformers.quantizers.quantizer_mxfp4
import time:       263 |        263 |                     transformers.quantizers.quantizer_quanto
import time:       294 |        294 |                     transformers.quantizers.quantizer_quark
import time:       253 |        253 |                     transformers.quantizers.quantizer_sinq
import time:       663 |        663 |                     transformers.quantizers.quantizer_spqr
import time:       749 |        749 |                     transformers.quantizers.quantizer_torchao
import time:       331 |        331 |                     transformers.quantizers.quantizer_vptq
import time:      1131 |       9954 |                   transformers.quantizers.auto
import time:       242 |      10195 |                 transformers.quantizers
import time:       546 |        546 |                 transformers.safetensors_conversion
import time:      1314 |       1314 |                 transformers.utils.output_capturing
import time:      4150 |      28046 |               transformers.modeling_utils
import time:      4451 |      40192 |             transformers.processing_utils
import time:      7895 |      60522 |           transformers.modeling_layers
import time:       624 |        624 |           transformers.models.llama.configuration_llama
import time:       212 |        212 |             chatterbox.models.t3.modules
import time:       516 |        727 |           chatterbox.models.t3.modules.learned_pos_emb
import time:       562 |        562 |                   einops._backends
import time:       355 |        355 |                   einops.parsing
import time:       736 |       1653 |                 einops.einops
import time:       303 |        303 |                 einops.packing
import time:       397 |       2352 |               einops
import time:       444 |       2795 |             chatterbox.models.t3.modules.perceiver
import time:       313 |        313 |               chatterbox.models.t3.llama_configs
import time:       329 |        642 |             chatterbox.models.t3.modules.t3_config
import time:      1482 |       4918 |           chatterbox.models.t3.modules.cond_enc
import time:        57 |         57 |             chatterbox.models.t3.inference
import time:       925 |        981 |           chatterbox.models.t3.inference.t3_hf_backend
import time:       825 |        825 |           chatterbox.models.t3.inference.alignment_stream_analyzer
import time:       288 |        288 |           chatterbox.models.utils
import time:    271602 |    2342957 |         chatterbox.models.t3.t3
import time:       504 |    2343821 |       chatterbox.models.t3
import time:       149 |        149 |                             google
import time:       238 |        387 |                           google.protobuf
import time:       140 |        140 |                             google.protobuf.internal
import time:        34 |         34 |                               google.protobuf.internal._api_implementation
import time:       788 |        788 |                               google.protobuf.message
import time:       374 |        374 |                               google.protobuf.internal.enum_type_wrapper
import time:        49 |         49 |                               google.protobuf.enable_deterministic_proto_serialization
import time:     10166 |      11409 |                             google.protobuf.internal.api_implementation
import time:       741 |      12289 |                           google.protobuf.descriptor
import time:       491 |        491 |                             google.protobuf.descriptor_database
import time:       590 |        590 |                             google.protobuf.text_encoding
import time:       360 |        360 |                             google.protobuf.internal.python_edition_defaults
import time:       666 |        666 |                                 encodings.raw_unicode_escape
import time:       276 |        276 |                                 encodings.unicode_escape
import time:       708 |        708 |                                   google.protobuf.internal.containers
import time:       416 |        416 |                                     google.protobuf.internal.wire_format
import time:       600 |       1016 |                                   google.protobuf.internal.encoder
import time:       909 |       2631 |                                 google.protobuf.internal.decoder
import time:       479 |        479 |                                 google.protobuf.internal.type_checkers
import time:       333 |        333 |                                 google.protobuf.unknown_fields
import time:      2053 |       6437 |                               google.protobuf.text_format
import time:       488 |        488 |                               google.protobuf.internal.extension_dict
import time:       209 |        209 |                               google.protobuf.internal.message_listener
import time:       535 |        535 |                                 google.protobuf.internal.field_mask
import time:       615 |       1150 |                               google.protobuf.internal.well_known_types
import time:       886 |       9168 |                             google.protobuf.internal.python_message
import time:       841 |      11448 |                           google.protobuf.descriptor_pool
import time:       185 |        185 |                             google.protobuf.pyext
import time:       245 |        245 |                             google.protobuf.pyext.cpp_message
import time:       282 |        711 |                           google.protobuf.message_factory
import time:       147 |        147 |                           google.protobuf.symbol_database
import time:       723 |      25703 |                         google.protobuf.json_format
import time:       735 |      26437 |                       onnx.serialization
import time:     10156 |      10156 |                       onnx.onnx_cpp2py_export
import time:       290 |        290 |                           onnx.defs
import time:       429 |        429 |                               google.protobuf.runtime_version
import time:       200 |        200 |                                 google.protobuf.reflection
import time:       301 |        501 |                               google.protobuf.internal.builder
import time:       667 |       1596 |                             onnx.onnx_ml_pb2
import time:       225 |       1821 |                           onnx.onnx_pb
import time:       931 |       3041 |                         onnx.checker
import time:       593 |       3633 |                       onnx.external_data_helper
import time:       369 |        369 |                         onnx.onnx_operators_ml_pb2
import time:       346 |        715 |                       onnx.onnx_operators_pb
import time:       355 |        355 |                         onnx.onnx_data_pb2
import time:       262 |        617 |                       onnx.onnx_data_pb
import time:      8509 |       8509 |                                 ml_dtypes._ml_dtypes_ext
import time:      1173 |       9681 |                               ml_dtypes._finfo
import time:       268 |        268 |                               ml_dtypes._iinfo
import time:       361 |      10308 |                             ml_dtypes
import time:       511 |      10819 |                           onnx._mapping
import time:       743 |      11562 |                         onnx.helper
import time:       296 |        296 |                           onnx.shape_inference
import time:       474 |        769 |                         onnx.utils
import time:       538 |      12868 |                       onnx.compose
import time:       593 |        593 |                       onnx.gen_proto
import time:       508 |        508 |                       onnx.numpy_helper
import time:       179 |        179 |                       onnx.parser
import time:       320 |        320 |                       onnx.printer
import time:       240 |        240 |                       onnx.version_converter
import time:       972 |      57231 |                     onnx
import time:       414 |      57645 |                   s3tokenizer.utils
import time:       970 |      58614 |                 s3tokenizer.model
import time:       831 |      59444 |               s3tokenizer.model_v2
import time:      1055 |       1055 |               s3tokenizer.model_v3
import time:       552 |      61050 |             s3tokenizer
import time:        16 |      61066 |           s3tokenizer.utils
import time:       475 |      61540 |         chatterbox.models.s3tokenizer.s3tokenizer
import time:       234 |      61774 |       chatterbox.models.s3tokenizer
import time:       225 |        225 |           chatterbox.models.s3gen.const
import time:        41 |         41 |               chatterbox.models.s3gen.utils
import time:       448 |        488 |             chatterbox.models.s3gen.utils.mask
import time:       214 |        214 |             chatterbox.models.s3gen.configs
import time:       342 |        342 |                   antlr4.Token
import time:       282 |        282 |                   antlr4.InputStream
import time:       139 |        139 |                   antlr4.FileStream
import time:       161 |        161 |                   antlr4.StdinStream
import time:       264 |        264 |                       antlr4.error
import time:       128 |        128 |                             antlr4.tree
import time:       652 |        779 |                           antlr4.tree.Tree
import time:       199 |        199 |                             antlr4.Utils
import time:       467 |        666 |                           antlr4.tree.Trees
import time:       391 |       1835 |                         antlr4.RuleContext
import time:       219 |       2053 |                       antlr4.ParserRuleContext
import time:       265 |        265 |                         antlr4.error.ErrorListener
import time:       397 |        662 |                       antlr4.Recognizer
import time:       420 |       3398 |                     antlr4.error.Errors
import time:       320 |       3717 |                   antlr4.BufferedTokenStream
import time:       178 |        178 |                       antlr4.CommonTokenFactory
import time:       140 |        140 |                         antlr4.atn
import time:       238 |        238 |                             antlr4.IntervalSet
import time:       199 |        199 |                             antlr4.atn.ATNType
import time:       383 |        383 |                                 antlr4.atn.SemanticContext
import time:       531 |        914 |                               antlr4.atn.Transition
import time:       313 |       1226 |                             antlr4.atn.ATNState
import time:       179 |       1841 |                           antlr4.atn.ATN
import time:       418 |       2258 |                         antlr4.PredictionContext
import time:       363 |        363 |                             antlr4.atn.LexerAction
import time:       243 |        605 |                           antlr4.atn.LexerActionExecutor
import time:       345 |        950 |                         antlr4.atn.ATNConfig
import time:       188 |        188 |                           antlr4.atn.ATNConfigSet
import time:       256 |        256 |                             antlr4.dfa
import time:       654 |        909 |                           antlr4.dfa.DFAState
import time:       260 |       1356 |                         antlr4.atn.ATNSimulator
import time:       506 |       5208 |                       antlr4.atn.LexerATNSimulator
import time:       738 |       6123 |                     antlr4.Lexer
import time:       318 |       6441 |                   antlr4.CommonTokenStream
import time:       568 |        568 |                     antlr4.error.ErrorStrategy
import time:       171 |        171 |                       antlr4.atn.ATNDeserializationOptions
import time:       441 |        612 |                     antlr4.atn.ATNDeserializer
import time:       498 |        498 |                       antlr4.ListTokenSource
import time:       223 |        223 |                       antlr4.tree.Chunk
import time:       273 |        273 |                       antlr4.tree.RuleTagToken
import time:       554 |        554 |                       antlr4.tree.TokenTagToken
import time:      1616 |       3162 |                     antlr4.tree.ParseTreePatternMatcher
import time:       578 |       4919 |                   antlr4.Parser
import time:       389 |        389 |                   antlr4.dfa.DFA
import time:       453 |        453 |                     antlr4.atn.PredictionMode
import time:       601 |       1053 |                   antlr4.atn.ParserATNSimulator
import time:       339 |        339 |                   antlr4.error.DiagnosticErrorListener
import time:       363 |      18140 |                 antlr4
import time:       503 |        503 |                   omegaconf.errors
import time:       141 |        141 |                           omegaconf.grammar
import time:       239 |        380 |                         omegaconf.grammar.gen
import time:      2552 |       2931 |                       omegaconf.grammar.gen.OmegaConfGrammarLexer
import time:      1104 |       1104 |                       omegaconf.grammar.gen.OmegaConfGrammarParser
import time:       177 |        177 |                       omegaconf.grammar.gen.OmegaConfGrammarParserVisitor
import time:       594 |       4805 |                     omegaconf.grammar_visitor
import time:       740 |       5544 |                   omegaconf.grammar_parser
import time:       117 |        117 |                   attr
import time:       863 |       7025 |                 omegaconf._utils
import time:      1615 |      26779 |               omegaconf.base
import time:       578 |        578 |                 omegaconf.basecontainer
import time:       433 |        433 |                 omegaconf.nodes
import time:       507 |       1517 |               omegaconf.dictconfig
import time:       717 |        717 |               omegaconf.listconfig
import time:       234 |        234 |                     omegaconf.resolvers.oc.dict
import time:       326 |        560 |                   omegaconf.resolvers.oc
import time:       298 |        857 |                 omegaconf.resolvers
import time:       930 |       1787 |               omegaconf.omegaconf
import time:       184 |        184 |               omegaconf.version
import time:       411 |      31392 |             omegaconf
import time:       761 |      32854 |           chatterbox.models.s3gen.flow
import time:       500 |        500 |           chatterbox.models.s3gen.xvector
import time:      1738 |       1738 |             librosa.filters
import time:       193 |       1931 |           chatterbox.models.s3gen.utils.mel
import time:       170 |        170 |           chatterbox.models.s3gen.f0_predictor
import time:       417 |        417 |           chatterbox.models.s3gen.hifigan
import time:       141 |        141 |             chatterbox.models.s3gen.transformer
import time:       176 |        176 |             chatterbox.models.s3gen.transformer.convolution
import time:       312 |        312 |             chatterbox.models.s3gen.transformer.encoder_layer
import time:       165 |        165 |             chatterbox.models.s3gen.transformer.positionwise_feed_forward
import time:       134 |        134 |               chatterbox.models.s3gen.transformer.activation
import time:       244 |        244 |               chatterbox.models.s3gen.transformer.subsampling
import time:       259 |        259 |               chatterbox.models.s3gen.transformer.embedding
import time:       538 |        538 |               chatterbox.models.s3gen.transformer.attention
import time:       214 |       1387 |             chatterbox.models.s3gen.utils.class_utils
import time:       533 |       2712 |           chatterbox.models.s3gen.transformer.upsample_encoder
import time:        70 |         70 |               chatterbox.models.s3gen.matcha
import time:       202 |        202 |                       einops.layers
import time:       295 |        295 |                       einops._torch_specific
import time:       395 |        395 |                       einops.layers._einmix
import time:       302 |       1192 |                     einops.layers.torch
import time:       396 |       1588 |                   conformer.conformer
import time:       358 |       1945 |                 conformer
import time:       589 |        589 |                             diffusers.dependency_versions_table
import time:       260 |        260 |                             diffusers.utils.versions
import time:      4468 |       5315 |                           diffusers.dependency_versions_check
import time:       657 |        657 |                             diffusers.utils.logging
import time:      7188 |       7844 |                           diffusers.utils.import_utils
import time:       936 |      14095 |                         diffusers.utils.constants
import time:       327 |        327 |                         diffusers.utils.deprecation_utils
import time:       276 |        276 |                         diffusers.utils.doc_utils
import time:       392 |        392 |                         diffusers.utils.dynamic_modules_utils
import time:       450 |        450 |                         diffusers.utils.export_utils
import time:       551 |        551 |                               urllib3.exceptions
import time:       453 |        453 |                                       urllib3.util.timeout
import time:       633 |       1085 |                                     urllib3.util.connection
import time:       198 |        198 |                                       urllib3.util.util
import time:       159 |        159 |                                       brotlicffi
import time:       144 |        144 |                                       backports.zstd
import time:       609 |       1109 |                                     urllib3.util.request
import time:       196 |        196 |                                     urllib3.util.response
import time:       539 |        539 |                                     urllib3.util.retry
import time:      3696 |       3696 |                                       urllib3.util.url
import time:       568 |        568 |                                       urllib3.util.ssltransport
import time:       385 |       4647 |                                     urllib3.util.ssl_
import time:       236 |        236 |                                     urllib3.util.wait
import time:       213 |       8021 |                                   urllib3.util
import time:        18 |       8039 |                                 urllib3.util.connection
import time:       420 |       8459 |                               urllib3._base_connection
import time:       638 |        638 |                               urllib3._collections
import time:       152 |        152 |                               urllib3._version
import time:       494 |        494 |                                     urllib3.fields
import time:       307 |        800 |                                   urllib3.filepost
import time:       153 |        153 |                                     brotlicffi
import time:       299 |        299 |                                       urllib3.http2
import time:       278 |        278 |                                       urllib3.http2.probe
import time:       255 |        255 |                                       urllib3.util.ssl_match_hostname
import time:      1013 |       1844 |                                     urllib3.connection
import time:        43 |         43 |                                     backports.zstd
import time:       843 |       2882 |                                   urllib3.response
import time:       440 |       4121 |                                 urllib3._request_methods
import time:       218 |        218 |                                 urllib3.util.proxy
import time:       695 |       5032 |                               urllib3.connectionpool
import time:       904 |        904 |                               urllib3.poolmanager
import time:       443 |      16176 |                             urllib3
import time:      1673 |       1673 |                                       charset_normalizer.constant
import time:       475 |        475 |                                       charset_normalizer.utils
import time:      5222 |       7369 |                                     charset_normalizer.md
import time:      6457 |      13825 |                                   charset_normalizer.cd
import time:       755 |        755 |                                   charset_normalizer.models
import time:        43 |         43 |                                   _multibytecodec
import time:      1170 |      15791 |                                 charset_normalizer.api
import time:       337 |        337 |                                 charset_normalizer.legacy
import time:       263 |        263 |                                 charset_normalizer.version
import time:       118 |        118 |                                 simplejson
import time:      2027 |       2027 |                                 http.cookies
import time:       557 |      19092 |                               requests.compat
import time:       600 |      19691 |                             requests.exceptions
import time:       107 |        107 |                             chardet
import time:      1870 |       1870 |                             requests.packages
import time:       249 |        249 |                               requests.certs
import time:       172 |        172 |                               requests.__version__
import time:       308 |        308 |                               requests._internal_utils
import time:       467 |        467 |                               requests._types
import time:       503 |        503 |                               requests.cookies
import time:       335 |        335 |                               requests.structures
import time:      1120 |       3150 |                             requests.utils
import time:       354 |        354 |                                   requests.auth
import time:       441 |        441 |                                       stringprep
import time:       493 |        933 |                                     encodings.idna
import time:       279 |        279 |                                     requests.hooks
import time:       696 |        696 |                                     requests.status_codes
import time:       548 |       2454 |                                   requests.models
import time:       219 |        219 |                                     urllib3.contrib
import time:       335 |        335 |                                     socks
import time:       502 |       1054 |                                   urllib3.contrib.socks
import time:       542 |       4403 |                                 requests.adapters
import time:       455 |       4857 |                               requests.sessions
import time:       297 |       5154 |                             requests.api
import time:      1209 |      47355 |                           requests
import time:       663 |      48017 |                         diffusers.utils.hub_utils
import time:       205 |        205 |                         diffusers.utils.loading_utils
import time:       372 |        372 |                         diffusers.utils.outputs
import time:       367 |        367 |                         diffusers.utils.peft_utils
import time:       743 |        743 |                         diffusers.utils.pil_utils
import time:       434 |        434 |                         diffusers.utils.state_dict_utils
import time:       495 |      66168 |                       diffusers.utils
import time:       310 |        310 |                       diffusers.utils.dummy_onnx_objects
import time:       257 |        257 |                       diffusers.utils.dummy_torch_and_torchsde_objects
import time:       815 |        815 |                       diffusers.utils.dummy_torch_and_transformers_and_k_diffusion_objects
import time:       322 |        322 |                       diffusers.utils.dummy_torch_and_transformers_and_onnx_objects
import time:       162 |        162 |                       diffusers.utils.dummy_transformers_and_torch_and_note_seq_objects
import time:       341 |        341 |                       diffusers.utils.dummy_flax_objects
import time:       412 |        412 |                       diffusers.utils.dummy_flax_and_transformers_objects
import time:       171 |        171 |                       diffusers.utils.dummy_note_seq_objects
import time:       606 |      69560 |                     diffusers
import time:       383 |      69943 |                   diffusers.models
import time:       524 |      70467 |                 diffusers.models.activations
import time:       443 |        443 |                     diffusers.utils.torch_utils
import time:       662 |        662 |                         PIL.ImageFilter
import time:       665 |        665 |                         diffusers.configuration_utils
import time:      1686 |       3013 |                       diffusers.image_processor
import time:       412 |        412 |                         transformers.models.clip.configuration_clip
import time:       532 |        532 |                           transformers.image_processing_base
import time:       586 |       1118 |                         transformers.image_processing_utils
import time:      1438 |       1438 |                         transformers.image_processing_utils_fast
import time:       345 |        345 |                         transformers.video_processing_utils
import time:       423 |        423 |                         transformers.models.auto.feature_extraction_auto
import time:       710 |        710 |                           transformers.models.encoder_decoder
import time:      1334 |       2043 |                         transformers.models.auto.tokenization_auto
import time:       696 |        696 |                         transformers.models.auto.video_processing_auto
import time:     10246 |      16718 |                       diffusers.models.lora
import time:       904 |      20633 |                     diffusers.models.attention_processor
import time:       864 |        864 |                     diffusers.models.embeddings
import time:       615 |        615 |                     diffusers.models.normalization
import time:       650 |      23203 |                   diffusers.models.attention
import time:       603 |      23806 |                 chatterbox.models.s3gen.matcha.transformer
import time:       373 |      96589 |               chatterbox.models.s3gen.matcha.decoder
import time:       361 |      97019 |             chatterbox.models.s3gen.matcha.flow_matching
import time:       591 |      97609 |           chatterbox.models.s3gen.flow_matching
import time:       191 |        191 |             chatterbox.models.s3gen.utils.intmeanflow
import time:       355 |        545 |           chatterbox.models.s3gen.decoder
import time:       823 |     137781 |         chatterbox.models.s3gen.s3gen
import time:       457 |     138237 |       chatterbox.models.s3gen
import time:       362 |        362 |         chatterbox.models.tokenizers.tokenizer
import time:       212 |        574 |       chatterbox.models.tokenizers
import time:       205 |        205 |           chatterbox.models.voice_encoder.config
import time:       203 |        203 |           chatterbox.models.voice_encoder.melspec
import time:       446 |        853 |         chatterbox.models.voice_encoder.voice_encoder
import time:       150 |       1002 |       chatterbox.models.voice_encoder
import time:      3352 |    5336153 |     chatterbox.tts
import time:       434 |        434 |     chatterbox.vc
import time:       540 |        540 |     chatterbox.mtl_tts
import time:      2173 |    5374904 |   chatterbox
import time:        14 |    5374917 | chatterbox.mtl_tts
import time:       184 |        184 | tabulate
